[
 {
  "datain": {
   "VS": [
    [
     1,
     3
    ],
    [
     1,
     2,
     3
    ],
    [
     2
    ],
    [
     2,
     3,
     4
    ],
    [
     2,
     4,
     6,
     8
    ],
    [
     3,
     5,
     7
    ]
   ],
   "fname": "es_par"
  },
  "output": {
   "S": [
    1,
    2,
    3,
    4,
    6,
    8
   ]
  },
  "ucase": 0
 },
 {
  "datain": {
   "VS": [
    [
     1,
     3
    ],
    [
     1,
     2,
     3
    ],
    [
     2
    ],
    [
     2,
     3,
     4
    ],
    [
     2,
     4,
     6,
     8
    ],
    [
     3,
     5,
     7
    ]
   ],
   "fname": "es_impar"
  },
  "output": {
   "S": [
    1,
    2,
    3,
    4,
    5,
    7
   ]
  },
  "ucase": 1
 },
 {
  "datain": {
   "VS": [
    [
     1,
     11,
     23,
     54,
     62,
     71,
     76,
     84,
     89
    ],
    [
     0,
     6,
     13,
     28,
     50,
     53,
     58,
     60,
     69,
     95
    ],
    [
     10,
     14,
     22,
     25,
     52,
     54,
     59,
     71,
     73,
     78
    ],
    [
     5,
     36,
     40,
     47,
     55,
     57,
     67,
     85
    ],
    [
     8,
     13,
     15,
     22,
     59,
     62,
     80,
     89,
     93,
     98
    ],
    [
     1,
     10,
     18,
     23,
     30,
     44,
     75,
     90,
     93
    ]
   ],
   "fname": "es_par"
  },
  "output": {
   "S": [
    0,
    1,
    5,
    6,
    8,
    10,
    11,
    13,
    14,
    15,
    18,
    22,
    23,
    25,
    28,
    30,
    36,
    40,
    44,
    47,
    50,
    52,
    53,
    54,
    55,
    57,
    58,
    59,
    60,
    62,
    67,
    69,
    71,
    73,
    75,
    76,
    78,
    80,
    84,
    85,
    89,
    90,
    93,
    95,
    98
   ]
  },
  "ucase": 2
 },
 {
  "datain": {
   "VS": [
    [
     46,
     49,
     57,
     58,
     59,
     64,
     69,
     78,
     79,
     89
    ],
    [
     3,
     4,
     15,
     37,
     51,
     65,
     68,
     69,
     87,
     97
    ],
    [
     2,
     15,
     20,
     38,
     39,
     42,
     61,
     68,
     73,
     74
    ],
    [
     22,
     44,
     45,
     47,
     66,
     69,
     70,
     91,
     99
    ],
    [
     2,
     25,
     31,
     36,
     57,
     58,
     62,
     67,
     71,
     80
    ],
    [
     4,
     6,
     26,
     35,
     37,
     44,
     48,
     89,
     94,
     98
    ],
    [
     5,
     19,
     27,
     34,
     39,
     42,
     47,
     49,
     55
    ]
   ],
   "fname": "es_impar"
  },
  "output": {
   "S": [
    2,
    3,
    4,
    5,
    6,
    15,
    19,
    20,
    22,
    25,
    26,
    27,
    31,
    34,
    35,
    36,
    37,
    38,
    39,
    42,
    44,
    45,
    46,
    47,
    48,
    49,
    51,
    55,
    57,
    58,
    59,
    61,
    62,
    64,
    65,
    66,
    67,
    68,
    69,
    70,
    71,
    73,
    74,
    78,
    79,
    80,
    87,
    89,
    91,
    94,
    97,
    98,
    99
   ]
  },
  "ucase": 3
 },
 {
  "datain": {
   "VS": [
    [
     1,
     2,
     24,
     53,
     66,
     77,
     81,
     92,
     98
    ],
    [
     1,
     34,
     35,
     39,
     43,
     53,
     70,
     71,
     81,
     95
    ],
    [
     6,
     19,
     35,
     39,
     40,
     46,
     59,
     65,
     74,
     98
    ],
    [
     2,
     4,
     21,
     28,
     32,
     52,
     53,
     59,
     60,
     81
    ],
    [
     8,
     10,
     20,
     30,
     32,
     61,
     80,
     85
    ]
   ],
   "fname": "es_menor_a_10"
  },
  "output": {
   "S": [
    1,
    2,
    4,
    6,
    8,
    10,
    19,
    20,
    21,
    24,
    28,
    30,
    32,
    34,
    35,
    39,
    40,
    43,
    46,
    52,
    53,
    59,
    60,
    61,
    65,
    66,
    70,
    71,
    74,
    77,
    80,
    81,
    85,
    92,
    95,
    98
   ]
  },
  "ucase": 4
 },
 {
  "datain": {
   "VS": [
    [
     0,
     5,
     12,
     14,
     43,
     55,
     61,
     84,
     92
    ],
    [
     11,
     16,
     22,
     46,
     49,
     50,
     55,
     61,
     81
    ],
    [
     4,
     18,
     28,
     29,
     42,
     49,
     67,
     84,
     85
    ],
    [
     5,
     11,
     12,
     25,
     28,
     48,
     56,
     57,
     83
    ],
    [
     1,
     2,
     5,
     10,
     16,
     43,
     54,
     74,
     97,
     99
    ],
    [
     10,
     34,
     50,
     52,
     54,
     59,
     62,
     75,
     85,
     95
    ],
    [
     5,
     14,
     33,
     36,
     49,
     50,
     56,
     69,
     73,
     77
    ]
   ],
   "fname": "es_fibonacci"
  },
  "output": {
   "S": [
    0,
    1,
    2,
    4,
    5,
    10,
    11,
    12,
    14,
    16,
    18,
    22,
    25,
    28,
    29,
    33,
    34,
    36,
    42,
    43,
    46,
    48,
    49,
    50,
    52,
    54,
    55,
    56,
    57,
    59,
    61,
    62,
    67,
    69,
    73,
    74,
    75,
    77,
    81,
    83,
    84,
    85,
    92,
    95,
    97,
    99
   ]
  },
  "ucase": 5
 },
 {
  "datain": {
   "VS": [
    [
     10,
     15,
     17,
     18,
     42,
     48,
     56,
     65,
     80
    ],
    [
     35,
     42,
     51,
     55,
     63,
     64,
     69,
     80,
     85,
     86
    ],
    [
     2,
     14,
     33,
     38,
     50,
     56,
     75,
     89,
     90
    ],
    [
     2,
     6,
     27,
     31,
     39,
     55,
     67,
     71,
     91
    ]
   ],
   "fname": "es_fibonacci"
  },
  "output": {
   "S": [
    2,
    6,
    10,
    14,
    15,
    17,
    18,
    27,
    31,
    33,
    35,
    38,
    39,
    42,
    48,
    50,
    51,
    55,
    56,
    63,
    64,
    65,
    67,
    69,
    71,
    75,
    80,
    85,
    86,
    89,
    90,
    91
   ]
  },
  "ucase": 6
 },
 {
  "datain": {
   "VS": [
    [
     0,
     27,
     33,
     45,
     64,
     65,
     76,
     83,
     93
    ],
    [
     3,
     11,
     13,
     21,
     23,
     28,
     41,
     51,
     77
    ],
    [
     3,
     6,
     9,
     14,
     21,
     23,
     42,
     51,
     85,
     90
    ]
   ],
   "fname": "es_capicua"
  },
  "output": {
   "S": [
    0,
    3,
    6,
    9,
    11,
    13,
    14,
    21,
    23,
    27,
    28,
    33,
    41,
    42,
    45,
    51,
    64,
    65,
    76,
    77,
    83,
    85,
    90,
    93
   ]
  },
  "ucase": 7
 },
 {
  "datain": {
   "VS": [
    [
     6,
     11,
     16,
     23,
     32,
     35,
     56,
     78,
     84,
     96
    ],
    [
     8,
     29,
     52,
     63,
     66,
     69,
     70,
     96,
     98
    ],
    [
     7,
     8,
     20,
     35,
     40,
     51,
     75,
     80,
     90,
     96
    ],
    [
     12,
     30,
     48,
     65,
     68,
     70,
     72,
     80,
     85
    ],
    [
     22,
     24,
     30,
     35,
     39,
     49,
     55,
     66,
     76
    ],
    [
     9,
     15,
     20,
     25,
     26,
     44,
     55,
     56,
     70,
     89
    ],
    [
     8,
     29,
     34,
     42,
     68,
     71,
     80,
     91,
     94
    ]
   ],
   "fname": "es_par"
  },
  "output": {
   "S": [
    6,
    7,
    8,
    9,
    11,
    12,
    15,
    16,
    20,
    22,
    23,
    24,
    25,
    26,
    29,
    30,
    32,
    34,
    35,
    39,
    40,
    42,
    44,
    48,
    49,
    51,
    52,
    55,
    56,
    63,
    65,
    66,
    68,
    69,
    70,
    71,
    72,
    75,
    76,
    78,
    80,
    84,
    85,
    89,
    90,
    91,
    94,
    96,
    98
   ]
  },
  "ucase": 8
 },
 {
  "datain": {
   "VS": [
    [
     8,
     19,
     59,
     67,
     73,
     83,
     84,
     88,
     97
    ],
    [
     1,
     36,
     38,
     61,
     73,
     78,
     84,
     86
    ],
    [
     3,
     5,
     8,
     36,
     39,
     54,
     62,
     68,
     74
    ],
    [
     12,
     23,
     24,
     39,
     47,
     49,
     50,
     55,
     64,
     71
    ],
    [
     3,
     20,
     29,
     33,
     38,
     48,
     52,
     53,
     72,
     99
    ],
    [
     9,
     16,
     55,
     58,
     62,
     74,
     87,
     94
    ]
   ],
   "fname": "es_compuesto"
  },
  "output": {
   "S": [
    1,
    3,
    5,
    8,
    9,
    12,
    16,
    19,
    20,
    23,
    24,
    29,
    33,
    36,
    38,
    39,
    47,
    48,
    49,
    50,
    52,
    53,
    54,
    55,
    58,
    59,
    61,
    62,
    64,
    67,
    68,
    71,
    72,
    73,
    74,
    78,
    83,
    84,
    86,
    87,
    88,
    94,
    97,
    99
   ]
  },
  "ucase": 9
 },
 {
  "datain": {
   "VS": [
    [
     6,
     12,
     16,
     28,
     51,
     57,
     84,
     93
    ],
    [
     9,
     11,
     14,
     20,
     31,
     36,
     42,
     69,
     71,
     80
    ],
    [
     18,
     28,
     45,
     51,
     53,
     54,
     55,
     80,
     82,
     83
    ],
    [
     1,
     13,
     29,
     30,
     52,
     60,
     86,
     91,
     99
    ],
    [
     12,
     32,
     34,
     35,
     57,
     67,
     68,
     96
    ],
    [
     9,
     20,
     25,
     36,
     45,
     55,
     75,
     80,
     86
    ],
    [
     15,
     26,
     28,
     30,
     43,
     59,
     66,
     82,
     88,
     95
    ]
   ],
   "fname": "es_impar"
  },
  "output": {
   "S": [
    1,
    6,
    9,
    11,
    12,
    13,
    14,
    15,
    16,
    18,
    20,
    25,
    26,
    28,
    29,
    30,
    31,
    32,
    34,
    35,
    36,
    42,
    43,
    45,
    51,
    52,
    53,
    54,
    55,
    57,
    59,
    60,
    66,
    67,
    68,
    69,
    71,
    75,
    80,
    82,
    83,
    84,
    86,
    88,
    91,
    93,
    95,
    96,
    99
   ]
  },
  "ucase": 10
 },
 {
  "datain": {
   "VS": [
    [
     3,
     5,
     14,
     24,
     25,
     26,
     68,
     77,
     79,
     98
    ],
    [
     0,
     21,
     30,
     38,
     51,
     55,
     86,
     88,
     90
    ],
    [
     32,
     36,
     55,
     58,
     61,
     72,
     73,
     83,
     86,
     94
    ],
    [
     16,
     22,
     28,
     31,
     59,
     61,
     70,
     80,
     96,
     98
    ],
    [
     9,
     11,
     15,
     37,
     44,
     52,
     59,
     80
    ],
    [
     7,
     9,
     15,
     18,
     31,
     65,
     70,
     73,
     95,
     99
    ],
    [
     3,
     17,
     43,
     52,
     58,
     62,
     65,
     67,
     68,
     74
    ]
   ],
   "fname": "es_menor_a_10"
  },
  "output": {
   "S": [
    0,
    3,
    5,
    7,
    9,
    11,
    14,
    15,
    17,
    18,
    21,
    24,
    25,
    26,
    30,
    31,
    37,
    38,
    43,
    44,
    51,
    52,
    55,
    58,
    59,
    62,
    65,
    67,
    68,
    70,
    73,
    74,
    77,
    79,
    80,
    86,
    88,
    90,
    95,
    98,
    99
   ]
  },
  "ucase": 11
 },
 {
  "datain": {
   "VS": [
    [
     24,
     43,
     45,
     63,
     65,
     67,
     75,
     86,
     93,
     99
    ],
    [
     1,
     8,
     22,
     29,
     31,
     43,
     51,
     54,
     58,
     87
    ],
    [
     2,
     19,
     49,
     53,
     54,
     63,
     75,
     77,
     83,
     88
    ]
   ],
   "fname": "es_impar"
  },
  "output": {
   "S": [
    1,
    2,
    8,
    19,
    22,
    24,
    29,
    31,
    43,
    45,
    49,
    51,
    53,
    54,
    58,
    63,
    65,
    67,
    75,
    77,
    83,
    86,
    87,
    88,
    93,
    99
   ]
  },
  "ucase": 12
 },
 {
  "datain": {
   "VS": [
    [
     10,
     12,
     22,
     25,
     31,
     48,
     51,
     52,
     59,
     90
    ],
    [
     9,
     23,
     25,
     46,
     54,
     60,
     63,
     68,
     73,
     78
    ],
    [
     7,
     11,
     15,
     32,
     43,
     61,
     65,
     93,
     97,
     98
    ],
    [
     4,
     8,
     24,
     37,
     41,
     44,
     46,
     53,
     78,
     79
    ],
    [
     29,
     52,
     57,
     62,
     66,
     70,
     71,
     75,
     83,
     89
    ],
    [
     4,
     11,
     40,
     44,
     45,
     57,
     65,
     72,
     84,
     89
    ]
   ],
   "fname": "es_impar"
  },
  "output": {
   "S": [
    4,
    7,
    8,
    9,
    10,
    11,
    12,
    15,
    22,
    23,
    24,
    25,
    29,
    31,
    32,
    37,
    40,
    41,
    43,
    44,
    45,
    46,
    48,
    51,
    52,
    53,
    54,
    57,
    59,
    60,
    61,
    62,
    63,
    65,
    66,
    68,
    70,
    71,
    72,
    73,
    75,
    78,
    79,
    83,
    84,
    89,
    90,
    93,
    97,
    98
   ]
  },
  "ucase": 13
 },
 {
  "datain": {
   "VS": [
    [
     0,
     6,
     9,
     10,
     28,
     49,
     88,
     91,
     97,
     99
    ],
    [
     7,
     17,
     50,
     51,
     62,
     75,
     77,
     79,
     88,
     95
    ],
    [
     9,
     12,
     14,
     24,
     29,
     32,
     71,
     73,
     74,
     99
    ],
    [
     3,
     5,
     12,
     36,
     38,
     53,
     62,
     71,
     81,
     98
    ]
   ],
   "fname": "es_impar"
  },
  "output": {
   "S": [
    0,
    3,
    5,
    6,
    7,
    9,
    10,
    12,
    14,
    17,
    24,
    28,
    29,
    32,
    36,
    38,
    49,
    50,
    51,
    53,
    62,
    71,
    73,
    74,
    75,
    77,
    79,
    81,
    88,
    91,
    95,
    97,
    98,
    99
   ]
  },
  "ucase": 14
 },
 {
  "datain": {
   "VS": [
    [
     1,
     9,
     11,
     59,
     62,
     63,
     64,
     74,
     83
    ],
    [
     25,
     31,
     40,
     51,
     52,
     60,
     68,
     69,
     74
    ],
    [
     31,
     35,
     40,
     44,
     45,
     60,
     67,
     79,
     86
    ],
    [
     3,
     4,
     14,
     28,
     30,
     39,
     51,
     70,
     74,
     98
    ],
    [
     7,
     11,
     16,
     17,
     27,
     39,
     49,
     75,
     85,
     91
    ],
    [
     5,
     6,
     14,
     29,
     61,
     65,
     66,
     67,
     68,
     70
    ]
   ],
   "fname": "es_primo"
  },
  "output": {
   "S": [
    1,
    3,
    4,
    5,
    6,
    7,
    9,
    11,
    14,
    16,
    17,
    25,
    27,
    28,
    29,
    30,
    31,
    35,
    39,
    40,
    44,
    45,
    49,
    51,
    52,
    59,
    60,
    61,
    62,
    63,
    64,
    65,
    66,
    67,
    68,
    69,
    70,
    74,
    75,
    79,
    83,
    85,
    86,
    91,
    98
   ]
  },
  "ucase": 15
 },
 {
  "datain": {
   "VS": [
    [
     6,
     20,
     31,
     48,
     69,
     72,
     90,
     91,
     94,
     98
    ],
    [
     9,
     12,
     27,
     35,
     36,
     39,
     62,
     67,
     73,
     74
    ],
    [
     8,
     19,
     25,
     28,
     29,
     35,
     37,
     51,
     94,
     99
    ],
    [
     19,
     30,
     34,
     45,
     55,
     75,
     82,
     86,
     95
    ],
    [
     4,
     8,
     36,
     39,
     41,
     60,
     74,
     77,
     85,
     87
    ]
   ],
   "fname": "es_capicua"
  },
  "output": {
   "S": [
    4,
    6,
    8,
    9,
    12,
    19,
    20,
    25,
    27,
    28,
    29,
    30,
    31,
    34,
    35,
    36,
    37,
    39,
    41,
    45,
    48,
    51,
    55,
    60,
    62,
    67,
    69,
    72,
    73,
    74,
    75,
    77,
    82,
    85,
    86,
    87,
    90,
    91,
    94,
    95,
    98,
    99
   ]
  },
  "ucase": 16
 },
 {
  "datain": {
   "VS": [
    [
     15,
     22,
     44,
     48,
     60,
     62,
     77,
     79,
     96
    ],
    [
     5,
     18,
     33,
     40,
     42,
     69,
     76,
     80,
     86
    ],
    [
     1,
     13,
     18,
     22,
     29,
     31,
     58,
     59,
     75,
     99
    ]
   ],
   "fname": "es_par"
  },
  "output": {
   "S": [
    1,
    5,
    13,
    15,
    18,
    22,
    29,
    31,
    33,
    40,
    42,
    44,
    48,
    58,
    59,
    60,
    62,
    69,
    75,
    76,
    77,
    79,
    80,
    86,
    96,
    99
   ]
  },
  "ucase": 17
 },
 {
  "datain": {
   "VS": [
    [
     0,
     4,
     5,
     31,
     54,
     69,
     74,
     77,
     96
    ],
    [
     2,
     8,
     10,
     20,
     38,
     55,
     57,
     83,
     92
    ],
    [
     5,
     6,
     9,
     13,
     14,
     22,
     24,
     30,
     60,
     79
    ],
    [
     0,
     2,
     7,
     9,
     10,
     27,
     29,
     52,
     78,
     85
    ],
    [
     0,
     4,
     5,
     24,
     25,
     34,
     47,
     49,
     76,
     97
    ]
   ],
   "fname": "es_menor_a_10"
  },
  "output": {
   "S": [
    0,
    2,
    4,
    5,
    6,
    7,
    8,
    9,
    10,
    13,
    14,
    20,
    22,
    24,
    25,
    27,
    29,
    30,
    31,
    34,
    38,
    47,
    49,
    52,
    54,
    55,
    57,
    60,
    69,
    74,
    76,
    77,
    78,
    79,
    83,
    85,
    92,
    96,
    97
   ]
  },
  "ucase": 18
 },
 {
  "datain": {
   "VS": [
    [
     1,
     5,
     9,
     11,
     30,
     45,
     55,
     66,
     91,
     93
    ],
    [
     9,
     13,
     33,
     41,
     46,
     48,
     51,
     65,
     94,
     99
    ],
    [
     34,
     54,
     57,
     64,
     80,
     86,
     88,
     93,
     99
    ]
   ],
   "fname": "es_primo"
  },
  "output": {
   "S": [
    1,
    5,
    9,
    11,
    13,
    30,
    33,
    41,
    45,
    46,
    48,
    51,
    55,
    65,
    66,
    91,
    93,
    94,
    99
   ]
  },
  "ucase": 19
 },
 {
  "datain": {
   "VS": [
    [
     26,
     27,
     29,
     50,
     57,
     68,
     69,
     70,
     87,
     97
    ],
    [
     8,
     19,
     28,
     32,
     42,
     57,
     76,
     86,
     87,
     97
    ],
    [
     1,
     9,
     18,
     60,
     66,
     67,
     73,
     77,
     81,
     98
    ],
    [
     5,
     18,
     29,
     45,
     57,
     72,
     81,
     83,
     96
    ],
    [
     13,
     22,
     24,
     36,
     37,
     45,
     52,
     61,
     83,
     87
    ]
   ],
   "fname": "es_impar"
  },
  "output": {
   "S": [
    1,
    5,
    8,
    9,
    13,
    18,
    19,
    22,
    24,
    26,
    27,
    28,
    29,
    32,
    36,
    37,
    42,
    45,
    50,
    52,
    57,
    60,
    61,
    66,
    67,
    68,
    69,
    70,
    72,
    73,
    76,
    77,
    81,
    83,
    86,
    87,
    96,
    97,
    98
   ]
  },
  "ucase": 20
 },
 {
  "datain": {
   "VS": [
    [
     4,
     24,
     44,
     47,
     53,
     57,
     65,
     67,
     74,
     85
    ],
    [
     4,
     15,
     29,
     31,
     34,
     38,
     59,
     61,
     71,
     72
    ],
    [
     5,
     29,
     35,
     38,
     41,
     56,
     57,
     58,
     88,
     89
    ],
    [
     11,
     13,
     27,
     66,
     67,
     69,
     80,
     81,
     95
    ],
    [
     1,
     9,
     14,
     35,
     52,
     64,
     90,
     92,
     94
    ]
   ],
   "fname": "es_menor_a_10"
  },
  "output": {
   "S": [
    1,
    4,
    5,
    9,
    14,
    15,
    24,
    29,
    31,
    34,
    35,
    38,
    41,
    44,
    47,
    52,
    53,
    56,
    57,
    58,
    59,
    61,
    64,
    65,
    67,
    71,
    72,
    74,
    85,
    88,
    89,
    90,
    92,
    94
   ]
  },
  "ucase": 21
 },
 {
  "datain": {
   "VS": [
    [
     13,
     31,
     34,
     45,
     64,
     69,
     74,
     77,
     85
    ],
    [
     10,
     27,
     28,
     31,
     43,
     48,
     62,
     73,
     80
    ],
    [
     5,
     28,
     32,
     40,
     49,
     74,
     87,
     89,
     94
    ],
    [
     4,
     14,
     20,
     58,
     63,
     70,
     73,
     74,
     93,
     98
    ],
    [
     1,
     20,
     34,
     51,
     52,
     62,
     72,
     76,
     95,
     98
    ],
    [
     6,
     11,
     22,
     34,
     38,
     40,
     44,
     51,
     80,
     92
    ]
   ],
   "fname": "es_par"
  },
  "output": {
   "S": [
    1,
    4,
    5,
    6,
    10,
    11,
    13,
    14,
    20,
    22,
    27,
    28,
    31,
    32,
    34,
    38,
    40,
    43,
    44,
    45,
    48,
    49,
    51,
    52,
    58,
    62,
    63,
    64,
    69,
    70,
    72,
    73,
    74,
    76,
    77,
    80,
    85,
    87,
    89,
    92,
    93,
    94,
    95,
    98
   ]
  },
  "ucase": 22
 },
 {
  "datain": {
   "VS": [
    [
     6,
     14,
     35,
     46,
     52,
     59,
     66,
     70,
     97,
     99
    ],
    [
     5,
     9,
     13,
     21,
     40,
     69,
     78,
     96,
     98
    ],
    [
     4,
     18,
     29,
     37,
     57,
     61,
     64,
     70,
     77,
     86
    ],
    [
     16,
     22,
     35,
     37,
     50,
     58,
     66,
     79,
     85,
     96
    ],
    [
     4,
     7,
     20,
     37,
     38,
     53,
     59,
     62,
     71,
     82
    ],
    [
     4,
     11,
     15,
     19,
     35,
     38,
     50,
     51,
     72,
     77
    ],
    [
     7,
     18,
     21,
     24,
     43,
     48,
     57,
     94,
     96
    ]
   ],
   "fname": "es_primo"
  },
  "output": {
   "S": [
    4,
    5,
    6,
    7,
    9,
    11,
    13,
    14,
    15,
    16,
    18,
    19,
    20,
    21,
    22,
    24,
    29,
    35,
    37,
    38,
    40,
    43,
    46,
    48,
    50,
    51,
    52,
    53,
    57,
    58,
    59,
    61,
    62,
    64,
    66,
    69,
    70,
    71,
    72,
    77,
    78,
    79,
    82,
    85,
    86,
    94,
    96,
    97,
    98,
    99
   ]
  },
  "ucase": 23
 },
 {
  "datain": {
   "VS": [
    [
     11,
     21,
     41,
     49,
     51,
     52,
     65,
     78,
     92
    ],
    [
     17,
     66,
     73,
     76,
     81,
     83,
     88,
     90
    ],
    [
     8,
     12,
     30,
     35,
     36,
     53,
     65,
     89,
     98
    ],
    [
     14,
     16,
     19,
     49,
     51,
     70,
     75,
     84,
     94,
     98
    ],
    [
     14,
     15,
     16,
     28,
     29,
     41,
     54,
     76,
     84,
     88
    ],
    [
     0,
     10,
     17,
     19,
     29,
     34,
     47,
     64,
     65,
     73
    ],
    [
     0,
     1,
     10,
     16,
     17,
     20,
     24,
     63,
     85,
     99
    ]
   ],
   "fname": "es_menor_a_10"
  },
  "output": {
   "S": [
    0,
    1,
    8,
    10,
    12,
    16,
    17,
    19,
    20,
    24,
    29,
    30,
    34,
    35,
    36,
    47,
    53,
    63,
    64,
    65,
    73,
    85,
    89,
    98,
    99
   ]
  },
  "ucase": 24
 },
 {
  "datain": {
   "VS": [
    [
     8,
     10,
     18,
     29,
     36,
     60,
     63,
     68,
     73,
     77
    ],
    [
     2,
     26,
     53,
     54,
     56,
     61,
     64,
     78,
     95
    ],
    [
     7,
     23,
     29,
     31,
     75,
     80,
     94,
     97,
     98
    ]
   ],
   "fname": "es_capicua"
  },
  "output": {
   "S": [
    2,
    7,
    8,
    10,
    18,
    23,
    26,
    29,
    31,
    36,
    53,
    54,
    56,
    60,
    61,
    63,
    64,
    68,
    73,
    75,
    77,
    78,
    80,
    94,
    95,
    97,
    98
   ]
  },
  "ucase": 25
 },
 {
  "datain": {
   "VS": [
    [
     6,
     8,
     18,
     19,
     61,
     63,
     68,
     80,
     85,
     99
    ],
    [
     10,
     33,
     36,
     40,
     44,
     48,
     82,
     86,
     97
    ],
    [
     14,
     38,
     45,
     50,
     51,
     52,
     65,
     66,
     83,
     96
    ]
   ],
   "fname": "es_impar"
  },
  "output": {
   "S": [
    6,
    8,
    10,
    14,
    18,
    19,
    33,
    36,
    38,
    40,
    44,
    45,
    48,
    50,
    51,
    52,
    61,
    63,
    65,
    66,
    68,
    80,
    82,
    83,
    85,
    86,
    96,
    97,
    99
   ]
  },
  "ucase": 26
 },
 {
  "datain": {
   "VS": [
    [
     4,
     17,
     30,
     38,
     56,
     77,
     80,
     87,
     92,
     93
    ],
    [
     7,
     12,
     16,
     19,
     40,
     44,
     46,
     78,
     93,
     95
    ],
    [
     2,
     19,
     23,
     34,
     41,
     50,
     57,
     60,
     68,
     94
    ],
    [
     10,
     12,
     16,
     21,
     38,
     43,
     66,
     69,
     80,
     90
    ],
    [
     4,
     7,
     55,
     64,
     78,
     80,
     81,
     85,
     89,
     96
    ],
    [
     3,
     12,
     22,
     39,
     46,
     60,
     82,
     94,
     95
    ]
   ],
   "fname": "es_impar"
  },
  "output": {
   "S": [
    2,
    3,
    4,
    7,
    10,
    12,
    16,
    17,
    19,
    21,
    22,
    23,
    30,
    34,
    38,
    39,
    40,
    41,
    43,
    44,
    46,
    50,
    55,
    56,
    57,
    60,
    64,
    66,
    68,
    69,
    77,
    78,
    80,
    81,
    82,
    85,
    87,
    89,
    90,
    92,
    93,
    94,
    95,
    96
   ]
  },
  "ucase": 27
 },
 {
  "datain": {
   "VS": [
    [
     2,
     6,
     9,
     12,
     15,
     24,
     47,
     60,
     88,
     90
    ],
    [
     0,
     9,
     11,
     16,
     32,
     34,
     54,
     79,
     86,
     93
    ],
    [
     4,
     21,
     23,
     27,
     30,
     36,
     39,
     43,
     86,
     91
    ],
    [
     7,
     16,
     42,
     55,
     56,
     58,
     71,
     89,
     99
    ],
    [
     18,
     32,
     33,
     36,
     40,
     46,
     49,
     82,
     93,
     98
    ],
    [
     17,
     28,
     37,
     42,
     55,
     65,
     72,
     88,
     91,
     93
    ]
   ],
   "fname": "es_capicua"
  },
  "output": {
   "S": [
    0,
    2,
    4,
    6,
    7,
    9,
    11,
    12,
    15,
    16,
    17,
    18,
    21,
    23,
    24,
    27,
    28,
    30,
    32,
    33,
    34,
    36,
    37,
    39,
    40,
    42,
    43,
    46,
    47,
    49,
    54,
    55,
    56,
    58,
    60,
    65,
    71,
    72,
    79,
    82,
    86,
    88,
    89,
    90,
    91,
    93,
    98,
    99
   ]
  },
  "ucase": 28
 },
 {
  "datain": {
   "VS": [
    [
     20,
     43,
     44,
     54,
     58,
     69,
     71,
     76,
     97
    ],
    [
     7,
     8,
     14,
     27,
     43,
     55,
     59,
     73,
     97
    ],
    [
     17,
     43,
     48,
     51,
     53,
     74,
     76,
     88,
     94
    ]
   ],
   "fname": "es_impar"
  },
  "output": {
   "S": [
    7,
    8,
    14,
    17,
    20,
    27,
    43,
    44,
    48,
    51,
    53,
    54,
    55,
    58,
    59,
    69,
    71,
    73,
    74,
    76,
    88,
    94,
    97
   ]
  },
  "ucase": 29
 },
 {
  "datain": {
   "VS": [
    [
     11,
     27,
     31,
     34,
     36,
     48,
     60,
     71,
     88
    ],
    [
     8,
     31,
     37,
     42,
     43,
     52,
     65,
     66,
     68,
     83
    ],
    [
     12,
     13,
     34,
     35,
     37,
     38,
     44,
     46,
     78
    ],
    [
     9,
     24,
     25,
     32,
     39,
     47,
     57,
     69,
     77,
     82
    ],
    [
     21,
     22,
     24,
     35,
     49,
     50,
     67,
     86,
     94
    ],
    [
     7,
     13,
     17,
     19,
     26,
     50,
     58,
     80,
     81
    ],
    [
     10,
     13,
     46,
     54,
     63,
     64,
     78,
     83,
     86,
     92
    ]
   ],
   "fname": "es_menor_a_10"
  },
  "output": {
   "S": [
    7,
    8,
    9,
    13,
    17,
    19,
    24,
    25,
    26,
    31,
    32,
    37,
    39,
    42,
    43,
    47,
    50,
    52,
    57,
    58,
    65,
    66,
    68,
    69,
    77,
    80,
    81,
    82,
    83
   ]
  },
  "ucase": 30
 },
 {
  "datain": {
   "VS": [
    [
     0,
     7,
     9,
     41,
     48,
     63,
     64,
     67,
     70,
     73
    ],
    [
     1,
     8,
     30,
     48,
     49,
     70,
     91,
     93,
     96,
     97
    ],
    [
     14,
     21,
     25,
     34,
     37,
     53,
     58,
     69,
     76,
     89
    ],
    [
     31,
     32,
     38,
     43,
     46,
     53,
     59,
     85,
     87,
     94
    ],
    [
     7,
     10,
     16,
     56,
     64,
     69,
     73,
     76,
     92,
     96
    ],
    [
     5,
     7,
     20,
     29,
     46,
     47,
     53,
     58,
     70,
     95
    ]
   ],
   "fname": "es_primo"
  },
  "output": {
   "S": [
    0,
    1,
    5,
    7,
    8,
    9,
    10,
    14,
    16,
    20,
    21,
    25,
    29,
    30,
    31,
    32,
    34,
    37,
    38,
    41,
    43,
    46,
    47,
    48,
    49,
    53,
    56,
    58,
    59,
    63,
    64,
    67,
    69,
    70,
    73,
    76,
    85,
    87,
    89,
    91,
    92,
    93,
    94,
    95,
    96,
    97
   ]
  },
  "ucase": 31
 },
 {
  "datain": {
   "VS": [
    [
     3,
     4,
     23,
     30,
     38,
     56,
     62,
     75,
     76
    ],
    [
     5,
     15,
     25,
     29,
     60,
     76,
     80,
     97,
     98,
     99
    ],
    [
     12,
     25,
     31,
     42,
     70,
     78,
     79,
     91
    ]
   ],
   "fname": "es_impar"
  },
  "output": {
   "S": [
    3,
    4,
    5,
    12,
    15,
    23,
    25,
    29,
    30,
    31,
    38,
    42,
    56,
    60,
    62,
    70,
    75,
    76,
    78,
    79,
    80,
    91,
    97,
    98,
    99
   ]
  },
  "ucase": 32
 },
 {
  "datain": {
   "VS": [
    [
     1,
     4,
     41,
     57,
     73,
     78,
     80,
     86
    ],
    [
     6,
     8,
     9,
     16,
     24,
     64,
     70,
     74,
     82,
     84
    ],
    [
     4,
     6,
     10,
     26,
     36,
     37,
     49,
     57,
     63,
     70
    ],
    [
     4,
     23,
     30,
     51,
     59,
     69,
     77,
     86
    ],
    [
     9,
     21,
     30,
     47,
     48,
     51,
     54,
     57,
     77,
     86
    ],
    [
     1,
     28,
     38,
     46,
     55,
     69,
     79,
     86,
     89,
     97
    ]
   ],
   "fname": "es_impar"
  },
  "output": {
   "S": [
    1,
    4,
    6,
    8,
    9,
    10,
    16,
    21,
    23,
    24,
    26,
    28,
    30,
    36,
    37,
    38,
    41,
    46,
    47,
    48,
    49,
    51,
    54,
    55,
    57,
    59,
    63,
    64,
    69,
    70,
    73,
    74,
    77,
    78,
    79,
    80,
    82,
    84,
    86,
    89,
    97
   ]
  },
  "ucase": 33
 },
 {
  "datain": {
   "VS": [
    [
     5,
     10,
     11,
     18,
     36,
     37,
     58,
     89,
     90,
     98
    ],
    [
     3,
     8,
     12,
     44,
     53,
     54,
     56,
     63,
     64,
     84
    ],
    [
     4,
     6,
     31,
     36,
     41,
     58,
     62,
     66,
     82
    ],
    [
     1,
     12,
     28,
     33,
     35,
     70,
     72,
     79,
     92
    ],
    [
     4,
     15,
     16,
     37,
     43,
     73,
     80,
     81,
     84,
     85
    ],
    [
     3,
     13,
     25,
     27,
     28,
     29,
     31,
     45,
     55,
     72
    ],
    [
     0,
     1,
     18,
     34,
     40,
     74,
     79,
     92,
     99
    ]
   ],
   "fname": "es_compuesto"
  },
  "output": {
   "S": [
    0,
    1,
    3,
    4,
    5,
    6,
    8,
    10,
    11,
    12,
    13,
    15,
    16,
    18,
    25,
    27,
    28,
    29,
    31,
    33,
    34,
    35,
    36,
    37,
    40,
    41,
    43,
    44,
    45,
    53,
    54,
    55,
    56,
    58,
    62,
    63,
    64,
    66,
    70,
    72,
    73,
    74,
    79,
    80,
    81,
    82,
    84,
    85,
    89,
    90,
    92,
    98,
    99
   ]
  },
  "ucase": 34
 },
 {
  "datain": {
   "VS": [
    [
     12,
     13,
     33,
     37,
     43,
     58,
     61,
     69,
     74
    ],
    [
     8,
     12,
     23,
     29,
     37,
     40,
     63,
     67,
     77,
     99
    ],
    [
     7,
     15,
     44,
     54,
     62,
     68,
     79,
     84,
     94,
     95
    ],
    [
     5,
     6,
     14,
     15,
     25,
     28,
     34,
     50,
     67,
     82
    ],
    [
     13,
     18,
     22,
     28,
     37,
     52,
     56,
     72,
     91
    ],
    [
     8,
     11,
     19,
     25,
     33,
     46,
     50,
     55,
     57,
     61
    ]
   ],
   "fname": "es_compuesto"
  },
  "output": {
   "S": [
    5,
    6,
    7,
    8,
    11,
    12,
    13,
    14,
    15,
    18,
    19,
    22,
    23,
    25,
    28,
    29,
    33,
    34,
    37,
    40,
    43,
    44,
    46,
    50,
    52,
    54,
    55,
    56,
    57,
    58,
    61,
    62,
    63,
    67,
    68,
    69,
    72,
    74,
    77,
    79,
    82,
    84,
    91,
    94,
    95,
    99
   ]
  },
  "ucase": 35
 },
 {
  "datain": {
   "VS": [
    [
     0,
     4,
     21,
     34,
     57,
     67,
     69,
     89,
     92,
     97
    ],
    [
     3,
     12,
     13,
     20,
     23,
     33,
     46,
     49,
     62,
     76
    ],
    [
     4,
     8,
     14,
     30,
     63,
     67,
     71,
     77,
     80,
     87
    ],
    [
     21,
     24,
     27,
     33,
     38,
     43,
     49,
     50,
     86
    ],
    [
     1,
     12,
     31,
     44,
     53,
     54,
     57,
     83,
     91
    ],
    [
     1,
     8,
     15,
     21,
     26,
     50,
     71,
     76,
     88,
     89
    ],
    [
     1,
     2,
     28,
     39,
     43,
     66,
     68,
     75,
     91,
     93
    ]
   ],
   "fname": "es_compuesto"
  },
  "output": {
   "S": [
    0,
    1,
    2,
    3,
    4,
    8,
    12,
    13,
    14,
    15,
    20,
    21,
    23,
    24,
    26,
    27,
    28,
    30,
    31,
    33,
    34,
    38,
    39,
    43,
    44,
    46,
    49,
    50,
    53,
    54,
    57,
    62,
    63,
    66,
    67,
    68,
    69,
    71,
    75,
    76,
    77,
    80,
    83,
    86,
    87,
    88,
    89,
    91,
    92,
    93,
    97
   ]
  },
  "ucase": 36
 },
 {
  "datain": {
   "VS": [
    [
     5,
     24,
     26,
     29,
     46,
     52,
     71,
     88,
     91,
     95
    ],
    [
     10,
     16,
     19,
     39,
     49,
     66,
     84,
     91,
     95,
     97
    ],
    [
     20,
     22,
     29,
     31,
     51,
     55,
     66,
     82,
     85,
     88
    ],
    [
     3,
     12,
     29,
     32,
     36,
     42,
     52,
     68,
     82,
     98
    ]
   ],
   "fname": "es_impar"
  },
  "output": {
   "S": [
    3,
    5,
    10,
    12,
    16,
    19,
    20,
    22,
    24,
    26,
    29,
    31,
    32,
    36,
    39,
    42,
    46,
    49,
    51,
    52,
    55,
    66,
    68,
    71,
    82,
    84,
    85,
    88,
    91,
    95,
    97,
    98
   ]
  },
  "ucase": 37
 },
 {
  "datain": {
   "VS": [
    [
     17,
     19,
     31,
     48,
     56,
     60,
     66,
     72,
     73,
     97
    ],
    [
     20,
     22,
     32,
     45,
     46,
     65,
     66,
     80,
     86,
     95
    ],
    [
     4,
     8,
     27,
     35,
     40,
     56,
     62,
     65,
     74,
     81
    ],
    [
     0,
     1,
     13,
     15,
     27,
     36,
     54,
     61,
     69,
     95
    ],
    [
     24,
     30,
     38,
     49,
     50,
     61,
     70,
     86,
     93,
     94
    ]
   ],
   "fname": "es_menor_a_10"
  },
  "output": {
   "S": [
    0,
    1,
    4,
    8,
    13,
    15,
    27,
    35,
    36,
    40,
    54,
    56,
    61,
    62,
    65,
    69,
    74,
    81,
    95
   ]
  },
  "ucase": 38
 },
 {
  "datain": {
   "VS": [
    [
     4,
     25,
     44,
     49,
     53,
     65,
     68,
     81,
     86,
     87
    ],
    [
     11,
     21,
     36,
     38,
     40,
     54,
     58,
     69,
     89,
     98
    ],
    [
     35,
     42,
     50,
     52,
     63,
     67,
     69,
     79,
     85
    ]
   ],
   "fname": "es_impar"
  },
  "output": {
   "S": [
    4,
    11,
    21,
    25,
    35,
    36,
    38,
    40,
    42,
    44,
    49,
    50,
    52,
    53,
    54,
    58,
    63,
    65,
    67,
    68,
    69,
    79,
    81,
    85,
    86,
    87,
    89,
    98
   ]
  },
  "ucase": 39
 },
 {
  "datain": {
   "VS": [
    [
     17,
     24,
     32,
     44,
     51,
     63,
     65,
     85,
     91
    ],
    [
     0,
     2,
     6,
     7,
     38,
     49,
     56,
     63,
     94
    ],
    [
     2,
     3,
     4,
     7,
     9,
     13,
     46,
     48,
     68,
     77
    ],
    [
     17,
     21,
     23,
     28,
     72,
     75,
     84,
     91,
     94
    ]
   ],
   "fname": "es_menor_a_10"
  },
  "output": {
   "S": [
    0,
    2,
    3,
    4,
    6,
    7,
    9,
    13,
    38,
    46,
    48,
    49,
    56,
    63,
    68,
    77,
    94
   ]
  },
  "ucase": 40
 },
 {
  "datain": {
   "VS": [
    [
     18,
     25,
     47,
     49,
     53,
     54,
     59,
     67,
     80,
     91
    ],
    [
     3,
     7,
     14,
     15,
     17,
     19,
     32,
     53,
     68,
     74
    ],
    [
     4,
     29,
     38,
     57,
     58,
     60,
     61,
     66,
     67,
     77
    ],
    [
     13,
     15,
     17,
     22,
     26,
     28,
     82,
     84,
     87
    ],
    [
     4,
     12,
     28,
     46,
     51,
     61,
     63,
     82,
     85
    ],
    [
     6,
     27,
     32,
     40,
     44,
     69,
     73,
     82,
     99
    ],
    [
     3,
     9,
     11,
     16,
     25,
     33,
     51,
     67,
     76,
     77
    ]
   ],
   "fname": "es_primo"
  },
  "output": {
   "S": [
    3,
    4,
    6,
    7,
    9,
    11,
    12,
    13,
    14,
    15,
    16,
    17,
    18,
    19,
    22,
    25,
    26,
    27,
    28,
    29,
    32,
    33,
    38,
    40,
    44,
    46,
    47,
    49,
    51,
    53,
    54,
    57,
    58,
    59,
    60,
    61,
    63,
    66,
    67,
    68,
    69,
    73,
    74,
    76,
    77,
    80,
    82,
    84,
    85,
    87,
    91,
    99
   ]
  },
  "ucase": 41
 },
 {
  "datain": {
   "VS": [
    [
     5,
     17,
     22,
     27,
     49,
     58,
     62,
     72,
     84,
     98
    ],
    [
     1,
     25,
     26,
     52,
     59,
     66,
     76,
     77,
     85,
     86
    ],
    [
     27,
     28,
     34,
     40,
     42,
     47,
     48,
     77,
     87
    ],
    [
     22,
     34,
     46,
     47,
     61,
     65,
     72,
     76,
     81
    ],
    [
     15,
     18,
     28,
     34,
     54,
     66,
     71,
     78,
     92
    ],
    [
     12,
     36,
     57,
     61,
     64,
     67,
     75,
     80,
     84,
     89
    ],
    [
     2,
     6,
     19,
     24,
     41,
     42,
     57,
     58,
     74,
     88
    ]
   ],
   "fname": "es_impar"
  },
  "output": {
   "S": [
    1,
    2,
    5,
    6,
    12,
    15,
    17,
    18,
    19,
    22,
    24,
    25,
    26,
    27,
    28,
    34,
    36,
    40,
    41,
    42,
    46,
    47,
    48,
    49,
    52,
    54,
    57,
    58,
    59,
    61,
    62,
    64,
    65,
    66,
    67,
    71,
    72,
    74,
    75,
    76,
    77,
    78,
    80,
    81,
    84,
    85,
    86,
    87,
    88,
    89,
    92,
    98
   ]
  },
  "ucase": 42
 },
 {
  "datain": {
   "VS": [
    [
     2,
     5,
     7,
     14,
     29,
     43,
     55,
     65,
     74,
     78
    ],
    [
     1,
     23,
     25,
     34,
     52,
     68,
     74,
     79,
     95,
     97
    ],
    [
     6,
     11,
     26,
     45,
     57,
     69,
     70,
     71,
     73,
     85
    ]
   ],
   "fname": "es_primo"
  },
  "output": {
   "S": [
    1,
    2,
    5,
    6,
    7,
    11,
    14,
    23,
    25,
    26,
    29,
    34,
    43,
    45,
    52,
    55,
    57,
    65,
    68,
    69,
    70,
    71,
    73,
    74,
    78,
    79,
    85,
    95,
    97
   ]
  },
  "ucase": 43
 },
 {
  "datain": {
   "VS": [
    [
     0,
     9,
     13,
     16,
     38,
     46,
     52,
     60,
     65,
     84
    ],
    [
     16,
     51,
     54,
     55,
     67,
     72,
     76,
     88,
     95
    ],
    [
     4,
     7,
     20,
     21,
     25,
     31,
     38,
     63,
     83
    ],
    [
     5,
     12,
     14,
     21,
     35,
     43,
     84,
     86,
     90,
     94
    ],
    [
     36,
     38,
     64,
     71,
     77,
     89,
     91,
     99
    ],
    [
     17,
     27,
     34,
     40,
     51,
     63,
     65,
     79,
     87,
     94
    ]
   ],
   "fname": "es_impar"
  },
  "output": {
   "S": [
    0,
    4,
    5,
    7,
    9,
    12,
    13,
    14,
    16,
    17,
    20,
    21,
    25,
    27,
    31,
    34,
    35,
    36,
    38,
    40,
    43,
    46,
    51,
    52,
    54,
    55,
    60,
    63,
    64,
    65,
    67,
    71,
    72,
    76,
    77,
    79,
    83,
    84,
    86,
    87,
    88,
    89,
    90,
    91,
    94,
    95,
    99
   ]
  },
  "ucase": 44
 },
 {
  "datain": {
   "VS": [
    [
     24,
     29,
     49,
     54,
     64,
     65,
     69,
     79,
     94,
     95
    ],
    [
     2,
     3,
     4,
     14,
     22,
     45,
     54,
     63,
     68,
     71
    ],
    [
     0,
     15,
     20,
     38,
     55,
     67,
     82,
     86,
     90
    ],
    [
     0,
     14,
     30,
     33,
     41,
     56,
     58,
     63,
     87
    ]
   ],
   "fname": "es_fibonacci"
  },
  "output": {
   "S": [
    0,
    2,
    3,
    4,
    14,
    15,
    20,
    22,
    24,
    29,
    30,
    33,
    38,
    41,
    45,
    49,
    54,
    55,
    56,
    58,
    63,
    64,
    65,
    67,
    68,
    69,
    71,
    79,
    82,
    86,
    87,
    90,
    94,
    95
   ]
  },
  "ucase": 45
 },
 {
  "datain": {
   "VS": [
    [
     10,
     14,
     18,
     22,
     30,
     52,
     53,
     54,
     60
    ],
    [
     35,
     41,
     43,
     46,
     64,
     90,
     94,
     95,
     97
    ],
    [
     6,
     7,
     8,
     10,
     38,
     49,
     51,
     66,
     67,
     86
    ],
    [
     12,
     20,
     25,
     35,
     71,
     74,
     76,
     78,
     97
    ],
    [
     19,
     32,
     34,
     51,
     69,
     86,
     93,
     97,
     99
    ],
    [
     2,
     14,
     15,
     26,
     27,
     54,
     77,
     84,
     86
    ],
    [
     2,
     15,
     34,
     36,
     39,
     43,
     50,
     86,
     93,
     97
    ]
   ],
   "fname": "es_primo"
  },
  "output": {
   "S": [
    2,
    6,
    7,
    8,
    10,
    12,
    14,
    15,
    18,
    19,
    20,
    22,
    25,
    26,
    27,
    30,
    32,
    34,
    35,
    36,
    38,
    39,
    41,
    43,
    46,
    49,
    50,
    51,
    52,
    53,
    54,
    60,
    64,
    66,
    67,
    69,
    71,
    74,
    76,
    77,
    78,
    84,
    86,
    90,
    93,
    94,
    95,
    97,
    99
   ]
  },
  "ucase": 46
 },
 {
  "datain": {
   "VS": [
    [
     4,
     15,
     25,
     33,
     41,
     42,
     48,
     60,
     71,
     88
    ],
    [
     10,
     18,
     26,
     32,
     45,
     57,
     80,
     95,
     98
    ],
    [
     6,
     8,
     29,
     45,
     50,
     55,
     62,
     63,
     83
    ],
    [
     24,
     32,
     38,
     45,
     52,
     63,
     89,
     90,
     92,
     98
    ]
   ],
   "fname": "es_fibonacci"
  },
  "output": {
   "S": [
    4,
    6,
    8,
    10,
    15,
    18,
    24,
    25,
    26,
    29,
    32,
    33,
    38,
    41,
    42,
    45,
    48,
    50,
    52,
    55,
    57,
    60,
    62,
    63,
    71,
    80,
    83,
    88,
    89,
    90,
    92,
    95,
    98
   ]
  },
  "ucase": 47
 },
 {
  "datain": {
   "VS": [
    [
     1,
     9,
     25,
     28,
     30,
     43,
     57,
     81,
     94
    ],
    [
     26,
     38,
     46,
     62,
     65,
     74,
     88,
     92,
     96,
     99
    ],
    [
     3,
     15,
     20,
     22,
     32,
     54,
     73,
     75,
     85,
     87
    ],
    [
     8,
     9,
     19,
     35,
     38,
     43,
     52,
     64,
     83
    ],
    [
     16,
     20,
     56,
     59,
     64,
     70,
     71,
     72,
     81,
     85
    ]
   ],
   "fname": "es_impar"
  },
  "output": {
   "S": [
    1,
    3,
    8,
    9,
    15,
    16,
    19,
    20,
    22,
    25,
    26,
    28,
    30,
    32,
    35,
    38,
    43,
    46,
    52,
    54,
    56,
    57,
    59,
    62,
    64,
    65,
    70,
    71,
    72,
    73,
    74,
    75,
    81,
    83,
    85,
    87,
    88,
    92,
    94,
    96,
    99
   ]
  },
  "ucase": 48
 },
 {
  "datain": {
   "VS": [
    [
     9,
     15,
     16,
     23,
     31,
     62,
     71,
     73,
     76,
     89
    ],
    [
     5,
     9,
     18,
     45,
     46,
     59,
     61,
     81,
     83,
     86
    ],
    [
     2,
     5,
     20,
     23,
     30,
     31,
     55,
     73,
     85,
     88
    ]
   ],
   "fname": "es_compuesto"
  },
  "output": {
   "S": [
    2,
    5,
    9,
    15,
    16,
    18,
    20,
    23,
    30,
    31,
    45,
    46,
    55,
    59,
    61,
    62,
    71,
    73,
    76,
    81,
    83,
    85,
    86,
    88,
    89
   ]
  },
  "ucase": 49
 },
 {
  "datain": {
   "VS": [
    [
     7,
     25,
     28,
     34,
     49,
     53,
     77,
     86,
     97
    ],
    [
     0,
     7,
     17,
     39,
     41,
     46,
     47,
     57,
     72,
     80
    ],
    [
     1,
     9,
     26,
     33,
     44,
     52,
     58,
     76,
     83
    ],
    [
     13,
     17,
     24,
     30,
     36,
     38,
     80,
     93,
     99
    ]
   ],
   "fname": "es_menor_a_10"
  },
  "output": {
   "S": [
    0,
    1,
    7,
    9,
    17,
    25,
    26,
    28,
    33,
    34,
    39,
    41,
    44,
    46,
    47,
    49,
    52,
    53,
    57,
    58,
    72,
    76,
    77,
    80,
    83,
    86,
    97
   ]
  },
  "ucase": 50
 },
 {
  "datain": {
   "VS": [
    [
     6,
     18,
     19,
     33,
     36,
     51,
     71,
     88,
     90,
     93
    ],
    [
     3,
     17,
     30,
     31,
     42,
     43,
     70,
     76,
     81,
     87
    ],
    [
     5,
     21,
     33,
     47,
     57,
     88,
     90,
     91,
     92
    ],
    [
     30,
     44,
     56,
     61,
     69,
     72,
     74,
     76,
     82,
     91
    ],
    [
     9,
     10,
     12,
     19,
     23,
     61,
     64,
     67,
     80,
     92
    ]
   ],
   "fname": "es_fibonacci"
  },
  "output": {
   "S": [
    3,
    5,
    6,
    9,
    10,
    12,
    17,
    18,
    19,
    21,
    23,
    30,
    31,
    33,
    36,
    42,
    43,
    44,
    47,
    51,
    56,
    57,
    61,
    64,
    67,
    69,
    70,
    71,
    72,
    74,
    76,
    80,
    81,
    82,
    87,
    88,
    90,
    91,
    92,
    93
   ]
  },
  "ucase": 51
 }
]
