[
 {
  "datain": {
   "T": "(8 (10 4 2) (5 . (7 9 10)))",
   "v": 5
  },
  "output": {
   "L": "5 7 9 10",
   "T": "(8 (10 4 2) .)"
  },
  "ucase": 0
 },
 {
  "datain": {
   "T": "(8 (10 4 2) (5 . (7 9 10)))",
   "v": 15
  },
  "output": {
   "L": "",
   "T": "(8 (10 4 2) (5 . (7 9 10)))"
  },
  "ucase": 1
 },
 {
  "datain": {
   "T": "(8 (10 4 2) (5 . (7 9 10)))",
   "v": 8
  },
  "output": {
   "L": "8 10 4 2 5 7 9 10",
   "T": "."
  },
  "ucase": 2
 },
 {
  "datain": {
   "T": "(1 1 0)",
   "v": 42
  },
  "output": {
   "L": "",
   "T": "(1 1 0)"
  },
  "ucase": 3
 },
 {
  "datain": {
   "T": "(0 (1 (0 . (1 (1 0 .) .)) 0) 1)",
   "v": 42
  },
  "output": {
   "L": "",
   "T": "(0 (1 (0 . (1 (1 0 .) .)) 0) 1)"
  },
  "ucase": 4
 },
 {
  "datain": {
   "T": "(1 (1 . (1 . 1)) (1 (1 . 1) 0))",
   "v": 42
  },
  "output": {
   "L": "",
   "T": "(1 (1 . (1 . 1)) (1 (1 . 1) 0))"
  },
  "ucase": 5
 },
 {
  "datain": {
   "T": "(1 0 (1 (1 0 .) .))",
   "v": 42
  },
  "output": {
   "L": "",
   "T": "(1 0 (1 (1 0 .) .))"
  },
  "ucase": 6
 },
 {
  "datain": {
   "T": "(1 (1 1 .) 0)",
   "v": 42
  },
  "output": {
   "L": "",
   "T": "(1 (1 1 .) 0)"
  },
  "ucase": 7
 },
 {
  "datain": {
   "T": "(1 (1 (1 1 .) (1 0 .)) 0)",
   "v": 42
  },
  "output": {
   "L": "",
   "T": "(1 (1 (1 1 .) (1 0 .)) 0)"
  },
  "ucase": 8
 },
 {
  "datain": {
   "T": "(0 (0 . 0) (1 0 .))",
   "v": 42
  },
  "output": {
   "L": "",
   "T": "(0 (0 . 0) (1 0 .))"
  },
  "ucase": 9
 },
 {
  "datain": {
   "T": "(0 (0 . (1 . 0)) (0 1 1))",
   "v": 42
  },
  "output": {
   "L": "",
   "T": "(0 (0 . (1 . 0)) (0 1 1))"
  },
  "ucase": 10
 },
 {
  "datain": {
   "T": "(1 1 (1 1 0))",
   "v": 42
  },
  "output": {
   "L": "",
   "T": "(1 1 (1 1 0))"
  },
  "ucase": 11
 },
 {
  "datain": {
   "T": "(0 0 1)",
   "v": 42
  },
  "output": {
   "L": "",
   "T": "(0 0 1)"
  },
  "ucase": 12
 },
 {
  "datain": {
   "T": "(1 1 0)",
   "v": 42
  },
  "output": {
   "L": "",
   "T": "(1 1 0)"
  },
  "ucase": 13
 },
 {
  "datain": {
   "T": "(1 (0 . (0 1 .)) 0)",
   "v": 42
  },
  "output": {
   "L": "",
   "T": "(1 (0 . (0 1 .)) 0)"
  },
  "ucase": 14
 },
 {
  "datain": {
   "T": "(0 (0 1 .) 0)",
   "v": 42
  },
  "output": {
   "L": "",
   "T": "(0 (0 1 .) 0)"
  },
  "ucase": 15
 },
 {
  "datain": {
   "T": "(0 (1 (0 . 1) .) 1)",
   "v": 42
  },
  "output": {
   "L": "",
   "T": "(0 (1 (0 . 1) .) 1)"
  },
  "ucase": 16
 },
 {
  "datain": {
   "T": "(1 1 (1 (1 0 .) 1))",
   "v": 42
  },
  "output": {
   "L": "",
   "T": "(1 1 (1 (1 0 .) 1))"
  },
  "ucase": 17
 },
 {
  "datain": {
   "T": "(0 0 1)",
   "v": 42
  },
  "output": {
   "L": "",
   "T": "(0 0 1)"
  },
  "ucase": 18
 },
 {
  "datain": {
   "T": "(0 (1 0 .) (1 1 .))",
   "v": 42
  },
  "output": {
   "L": "",
   "T": "(0 (1 0 .) (1 1 .))"
  },
  "ucase": 19
 },
 {
  "datain": {
   "T": "(0 1 (0 . 0))",
   "v": 42
  },
  "output": {
   "L": "",
   "T": "(0 1 (0 . 0))"
  },
  "ucase": 20
 },
 {
  "datain": {
   "T": "(1 1 (0 (0 1 0) .))",
   "v": 42
  },
  "output": {
   "L": "",
   "T": "(1 1 (0 (0 1 0) .))"
  },
  "ucase": 21
 },
 {
  "datain": {
   "T": "(1 (0 (1 0 .) 1) 1)",
   "v": 42
  },
  "output": {
   "L": "",
   "T": "(1 (0 (1 0 .) 1) 1)"
  },
  "ucase": 22
 },
 {
  "datain": {
   "T": "(1 (0 . 0) (0 . 0))",
   "v": 42
  },
  "output": {
   "L": "",
   "T": "(1 (0 . 0) (0 . 0))"
  },
  "ucase": 23
 },
 {
  "datain": {
   "T": "(1 (0 . (1 0 .)) 0)",
   "v": 42
  },
  "output": {
   "L": "",
   "T": "(1 (0 . (1 0 .)) 0)"
  },
  "ucase": 24
 },
 {
  "datain": {
   "T": "(1 (1 . 1) 1)",
   "v": 42
  },
  "output": {
   "L": "",
   "T": "(1 (1 . 1) 1)"
  },
  "ucase": 25
 },
 {
  "datain": {
   "T": "(1 1 0)",
   "v": 42
  },
  "output": {
   "L": "",
   "T": "(1 1 0)"
  },
  "ucase": 26
 },
 {
  "datain": {
   "T": "(1 1 (0 1 .))",
   "v": 42
  },
  "output": {
   "L": "",
   "T": "(1 1 (0 1 .))"
  },
  "ucase": 27
 },
 {
  "datain": {
   "T": "(0 0 (0 (0 0 .) .))",
   "v": 42
  },
  "output": {
   "L": "",
   "T": "(0 0 (0 (0 0 .) .))"
  },
  "ucase": 28
 },
 {
  "datain": {
   "T": "(1 0 1)",
   "v": 42
  },
  "output": {
   "L": "",
   "T": "(1 0 1)"
  },
  "ucase": 29
 },
 {
  "datain": {
   "T": "(0 0 (0 0 .))",
   "v": 42
  },
  "output": {
   "L": "",
   "T": "(0 0 (0 0 .))"
  },
  "ucase": 30
 },
 {
  "datain": {
   "T": "(0 (0 . (0 . 0)) (1 (1 . (0 . (1 1 .))) .))",
   "v": 42
  },
  "output": {
   "L": "",
   "T": "(0 (0 . (0 . 0)) (1 (1 . (0 . (1 1 .))) .))"
  },
  "ucase": 31
 },
 {
  "datain": {
   "T": "(0 (0 . 0) (0 . 0))",
   "v": 42
  },
  "output": {
   "L": "",
   "T": "(0 (0 . 0) (0 . 0))"
  },
  "ucase": 32
 },
 {
  "datain": {
   "T": "(0 (1 1 1) 0)",
   "v": 42
  },
  "output": {
   "L": "",
   "T": "(0 (1 1 1) 0)"
  },
  "ucase": 33
 },
 {
  "datain": {
   "T": "(0 (1 . (1 0 .)) (1 1 .))",
   "v": 42
  },
  "output": {
   "L": "",
   "T": "(0 (1 . (1 0 .)) (1 1 .))"
  },
  "ucase": 34
 },
 {
  "datain": {
   "T": "(1 0 1)",
   "v": 42
  },
  "output": {
   "L": "",
   "T": "(1 0 1)"
  },
  "ucase": 35
 },
 {
  "datain": {
   "T": "(0 1 (0 . (0 . (1 . 0))))",
   "v": 42
  },
  "output": {
   "L": "",
   "T": "(0 1 (0 . (0 . (1 . 0))))"
  },
  "ucase": 36
 },
 {
  "datain": {
   "T": "(0 1 1)",
   "v": 42
  },
  "output": {
   "L": "",
   "T": "(0 1 1)"
  },
  "ucase": 37
 },
 {
  "datain": {
   "T": "(0 (0 . 0) 1)",
   "v": 42
  },
  "output": {
   "L": "",
   "T": "(0 (0 . 0) 1)"
  },
  "ucase": 38
 },
 {
  "datain": {
   "T": "(0 1 (0 . 1))",
   "v": 42
  },
  "output": {
   "L": "",
   "T": "(0 1 (0 . 1))"
  },
  "ucase": 39
 },
 {
  "datain": {
   "T": "(0 0 0)",
   "v": 42
  },
  "output": {
   "L": "",
   "T": "(0 0 0)"
  },
  "ucase": 40
 },
 {
  "datain": {
   "T": "(1 (1 1 .) (0 . (0 1 .)))",
   "v": 42
  },
  "output": {
   "L": "",
   "T": "(1 (1 1 .) (0 . (0 1 .)))"
  },
  "ucase": 41
 },
 {
  "datain": {
   "T": "(0 (1 1 .) 0)",
   "v": 42
  },
  "output": {
   "L": "",
   "T": "(0 (1 1 .) 0)"
  },
  "ucase": 42
 },
 {
  "datain": {
   "T": "(0 (0 0 .) 0)",
   "v": 42
  },
  "output": {
   "L": "",
   "T": "(0 (0 0 .) 0)"
  },
  "ucase": 43
 },
 {
  "datain": {
   "T": "(0 (0 (0 0 .) .) (0 0 .))",
   "v": 42
  },
  "output": {
   "L": "",
   "T": "(0 (0 (0 0 .) .) (0 0 .))"
  },
  "ucase": 44
 },
 {
  "datain": {
   "T": "(0 (0 (0 1 0) .) (1 . 0))",
   "v": 42
  },
  "output": {
   "L": "",
   "T": "(0 (0 (0 1 0) .) (1 . 0))"
  },
  "ucase": 45
 },
 {
  "datain": {
   "T": "(1 0 (1 0 .))",
   "v": 42
  },
  "output": {
   "L": "",
   "T": "(1 0 (1 0 .))"
  },
  "ucase": 46
 },
 {
  "datain": {
   "T": "(1 0 1)",
   "v": 42
  },
  "output": {
   "L": "",
   "T": "(1 0 1)"
  },
  "ucase": 47
 },
 {
  "datain": {
   "T": "(1 (1 . (0 (0 1 .) .)) (1 . 0))",
   "v": 42
  },
  "output": {
   "L": "",
   "T": "(1 (1 . (0 (0 1 .) .)) (1 . 0))"
  },
  "ucase": 48
 },
 {
  "datain": {
   "T": "(1 (1 (1 . 1) .) 1)",
   "v": 42
  },
  "output": {
   "L": "",
   "T": "(1 (1 (1 . 1) .) 1)"
  },
  "ucase": 49
 },
 {
  "datain": {
   "T": "(1 (0 . (1 . 1)) (0 (1 0 .) .))",
   "v": 42
  },
  "output": {
   "L": "",
   "T": "(1 (0 . (1 . 1)) (0 (1 0 .) .))"
  },
  "ucase": 50
 },
 {
  "datain": {
   "T": "(1 0 (0 1 .))",
   "v": 42
  },
  "output": {
   "L": "",
   "T": "(1 0 (0 1 .))"
  },
  "ucase": 51
 },
 {
  "datain": {
   "T": "(0 (0 0 .) 1)",
   "v": 42
  },
  "output": {
   "L": "",
   "T": "(0 (0 0 .) 1)"
  },
  "ucase": 52
 }
]
