[
 {
  "datain": {
   "T": "(+ (* 3 q) (* (- f 1) 3))",
   "fc": "3"
  },
  "output": {
   "ret": 1
  },
  "ucase": 0
 },
 {
  "datain": {
   "T": "(+ (* 3 q) (* (- f 1) 3))",
   "fc": "q"
  },
  "output": {
   "ret": 0
  },
  "ucase": 1
 },
 {
  "datain": {
   "T": "(* q (+ (* 3 q) (* (- f 1) 3)))",
   "fc": "q"
  },
  "output": {
   "ret": 1
  },
  "ucase": 2
 },
 {
  "datain": {
   "T": "(+ (+ (+  w   45 ) (/  a   60 )) (* (*  n   6 ) (-  62   45 )))",
   "fc": "45"
  },
  "output": {
   "ret": 0
  },
  "ucase": 3
 },
 {
  "datain": {
   "T": "(- (+ (*  93   v ) (+  67   36 )) (*  w   v ))",
   "fc": "v"
  },
  "output": {
   "ret": 0
  },
  "ucase": 4
 },
 {
  "datain": {
   "T": "(- (+ (*  49   64 ) (*  r   j )) (- (*  p   s ) (*  23   i )))",
   "fc": "p"
  },
  "output": {
   "ret": 0
  },
  "ucase": 5
 },
 {
  "datain": {
   "T": "(/ (*  l   58 ) (- (+  m   87 ) (-  69   58 )))",
   "fc": "58"
  },
  "output": {
   "ret": 0
  },
  "ucase": 6
 },
 {
  "datain": {
   "T": "(- (+ (+  l   a ) (-  44   r )) (-  70   c ))",
   "fc": "r"
  },
  "output": {
   "ret": 0
  },
  "ucase": 7
 },
 {
  "datain": {
   "T": "(- (- (+  55   42 ) (*  27   19 )) (* (*  67   26 ) (-  67   94 )))",
   "fc": "67"
  },
  "output": {
   "ret": 0
  },
  "ucase": 8
 },
 {
  "datain": {
   "T": "(+ (* (*  35   t ) (/  71   35 )) (* (-  40   b ) (*  d   q )))",
   "fc": "40"
  },
  "output": {
   "ret": 0
  },
  "ucase": 9
 },
 {
  "datain": {
   "T": "(* (* (-  k   i ) (+  k   4 )) (- (*  2   p ) (*  c   p )))",
   "fc": "p"
  },
  "output": {
   "ret": 1
  },
  "ucase": 10
 },
 {
  "datain": {
   "T": "(+ (-  f   14 ) (+  12   m ))",
   "fc": "f"
  },
  "output": {
   "ret": 0
  },
  "ucase": 11
 },
 {
  "datain": {
   "T": "(* (- (*  92   57 ) (*  92   e )) (* (*  18   u ) (-  49   92 )))",
   "fc": "92"
  },
  "output": {
   "ret": 1
  },
  "ucase": 12
 },
 {
  "datain": {
   "T": "(+ (* (*  50   e ) (*  34   h )) (* (*  w   43 ) (*  h   c )))",
   "fc": "h"
  },
  "output": {
   "ret": 1
  },
  "ucase": 13
 },
 {
  "datain": {
   "T": "(/ (*  u   5 ) (+  l   69 ))",
   "fc": "u"
  },
  "output": {
   "ret": 0
  },
  "ucase": 14
 },
 {
  "datain": {
   "T": "(+ (- (*  a   38 ) (-  b   o )) (- (+  42   g ) (*  x   l )))",
   "fc": "l"
  },
  "output": {
   "ret": 0
  },
  "ucase": 15
 },
 {
  "datain": {
   "T": "(+ (/ (/  65   56 ) (+  27   a )) (/ (*  g   27 ) (-  56   c )))",
   "fc": "56"
  },
  "output": {
   "ret": 0
  },
  "ucase": 16
 },
 {
  "datain": {
   "T": "(+ (+ (*  n   86 ) (*  k   i )) (* (*  14   13 ) (+  v   13 )))",
   "fc": "i"
  },
  "output": {
   "ret": 0
  },
  "ucase": 17
 },
 {
  "datain": {
   "T": "(* (/  8   t ) (* (*  16   96 ) (*  e   q )))",
   "fc": "16"
  },
  "output": {
   "ret": 1
  },
  "ucase": 18
 },
 {
  "datain": {
   "T": "(+ (*  f   a ) (/  i   96 ))",
   "fc": "a"
  },
  "output": {
   "ret": 0
  },
  "ucase": 19
 },
 {
  "datain": {
   "T": "(- (*  70   f ) (- (-  76   y ) (+  w   77 )))",
   "fc": "w"
  },
  "output": {
   "ret": 0
  },
  "ucase": 20
 },
 {
  "datain": {
   "T": "(* (- (*  t   19 ) (+  28   b )) (- (*  i   s ) (+  t   67 )))",
   "fc": "t"
  },
  "output": {
   "ret": 0
  },
  "ucase": 21
 },
 {
  "datain": {
   "T": "(/ (* (*  39   f ) (*  67   s )) (/ (-  38   b ) (-  l   n )))",
   "fc": "67"
  },
  "output": {
   "ret": 0
  },
  "ucase": 22
 },
 {
  "datain": {
   "T": "(* (+  w   w ) (*  62   f ))",
   "fc": "w"
  },
  "output": {
   "ret": 1
  },
  "ucase": 23
 },
 {
  "datain": {
   "T": "(+ (* (*  e   35 ) (*  e   j )) (+  48   d ))",
   "fc": "e"
  },
  "output": {
   "ret": 0
  },
  "ucase": 24
 },
 {
  "datain": {
   "T": "(/ (+ (*  s   68 ) (-  68   v )) (* (*  j   d ) (*  68   h )))",
   "fc": "68"
  },
  "output": {
   "ret": 0
  },
  "ucase": 25
 },
 {
  "datain": {
   "T": "(/ (/ (-  51   57 ) (*  v   26 )) (+ (*  y   b ) (-  v   f )))",
   "fc": "51"
  },
  "output": {
   "ret": 0
  },
  "ucase": 26
 },
 {
  "datain": {
   "T": "(* (*  q   s ) (* (*  j   b ) (-  36   l )))",
   "fc": "s"
  },
  "output": {
   "ret": 1
  },
  "ucase": 27
 },
 {
  "datain": {
   "T": "(* (* (*  b   f ) (*  p   a )) (* (*  26   98 ) (*  68   24 )))",
   "fc": "26"
  },
  "output": {
   "ret": 1
  },
  "ucase": 28
 },
 {
  "datain": {
   "T": "(+ (+ (*  p   t ) (*  h   x )) (* (*  l   96 ) (-  t   h )))",
   "fc": "h"
  },
  "output": {
   "ret": 0
  },
  "ucase": 29
 },
 {
  "datain": {
   "T": "(+ (*  59   65 ) (+ (-  9   7 ) (*  73   59 )))",
   "fc": "59"
  },
  "output": {
   "ret": 0
  },
  "ucase": 30
 },
 {
  "datain": {
   "T": "(* (- (*  43   i ) (+  29   q )) (* (/  45   i ) (-  i   43 )))",
   "fc": "i"
  },
  "output": {
   "ret": 0
  },
  "ucase": 31
 },
 {
  "datain": {
   "T": "(* (* (*  25   i ) (*  p   a )) (* (/  22   24 ) (+  88   i )))",
   "fc": "i"
  },
  "output": {
   "ret": 1
  },
  "ucase": 32
 },
 {
  "datain": {
   "T": "(* (-  s   s ) (*  x   9 ))",
   "fc": "s"
  },
  "output": {
   "ret": 1
  },
  "ucase": 33
 },
 {
  "datain": {
   "T": "(- (*  52   q ) (* (+  h   44 ) (*  e   90 )))",
   "fc": "h"
  },
  "output": {
   "ret": 0
  },
  "ucase": 34
 },
 {
  "datain": {
   "T": "(- (+ (*  0   83 ) (*  83   66 )) (* (*  o   57 ) (*  22   83 )))",
   "fc": "83"
  },
  "output": {
   "ret": 1
  },
  "ucase": 35
 },
 {
  "datain": {
   "T": "(- (*  y   48 ) (+ (*  50   17 ) (/  62   28 )))",
   "fc": "28"
  },
  "output": {
   "ret": 0
  },
  "ucase": 36
 },
 {
  "datain": {
   "T": "(* (* (+  m   74 ) (*  i   o )) (/ (-  5   81 ) (*  m   45 )))",
   "fc": "o"
  },
  "output": {
   "ret": 1
  },
  "ucase": 37
 },
 {
  "datain": {
   "T": "(/ (+  59   a ) (*  g   51 ))",
   "fc": "59"
  },
  "output": {
   "ret": 0
  },
  "ucase": 38
 },
 {
  "datain": {
   "T": "(* (*  e   u ) (-  b   b ))",
   "fc": "b"
  },
  "output": {
   "ret": 1
  },
  "ucase": 39
 },
 {
  "datain": {
   "T": "(* (*  39   h ) (- (/  r   91 ) (*  u   y )))",
   "fc": "r"
  },
  "output": {
   "ret": 0
  },
  "ucase": 40
 },
 {
  "datain": {
   "T": "(* (* (+  11   9 ) (*  11   g )) (- (-  11   21 ) (+  g   29 )))",
   "fc": "11"
  },
  "output": {
   "ret": 1
  },
  "ucase": 41
 },
 {
  "datain": {
   "T": "(+ (* (*  y   37 ) (*  25   c )) (*  73   c ))",
   "fc": "c"
  },
  "output": {
   "ret": 1
  },
  "ucase": 42
 },
 {
  "datain": {
   "T": "(+ (-  36   74 ) (- (+  70   i ) (+  30   70 )))",
   "fc": "70"
  },
  "output": {
   "ret": 0
  },
  "ucase": 43
 },
 {
  "datain": {
   "T": "(* (+ (*  x   q ) (*  q   k )) (*  62   e ))",
   "fc": "q"
  },
  "output": {
   "ret": 1
  },
  "ucase": 44
 },
 {
  "datain": {
   "T": "(- (*  44   18 ) (* (*  w   59 ) (-  t   p )))",
   "fc": "t"
  },
  "output": {
   "ret": 0
  },
  "ucase": 45
 },
 {
  "datain": {
   "T": "(* (/ (/  n   c ) (+  h   a )) (*  a   g ))",
   "fc": "a"
  },
  "output": {
   "ret": 1
  },
  "ucase": 46
 },
 {
  "datain": {
   "T": "(/ (* (/  10   a ) (-  j   78 )) (+ (+  k   w ) (+  6   n )))",
   "fc": "10"
  },
  "output": {
   "ret": 0
  },
  "ucase": 47
 },
 {
  "datain": {
   "T": "(* (-  4   4 ) (*  f   f ))",
   "fc": "4"
  },
  "output": {
   "ret": 1
  },
  "ucase": 48
 },
 {
  "datain": {
   "T": "(+ (/  n   54 ) (/ (*  51   i ) (+  v   93 )))",
   "fc": "45"
  },
  "output": {
   "ret": 0
  },
  "ucase": 49
 },
 {
  "datain": {
   "T": "(+ (* (*  86   87 ) (*  0   e )) (+ (+  27   86 ) (*  37   86 )))",
   "fc": "86"
  },
  "output": {
   "ret": 0
  },
  "ucase": 50
 },
 {
  "datain": {
   "T": "(- (/  29   45 ) (+ (*  66   60 ) (*  s   v )))",
   "fc": "l"
  },
  "output": {
   "ret": 0
  },
  "ucase": 51
 },
 {
  "datain": {
   "T": "(+ (+ (+  f   l ) (+  36   52 )) (*  m   i ))",
   "fc": "f"
  },
  "output": {
   "ret": 0
  },
  "ucase": 52
 }
]
