time,ax,ay,az,atotal
0.014757156372070312,-0.04,-0.02,0.11,0.11
0.016319990158081055,0.02,0.01,0.1,0.1
0.026155948638916016,0.0,0.03,0.08,0.08
0.036273956298828125,-0.03,0.04,0.07,0.08
0.04602384567260742,-0.04,0.04,-0.12,0.13
0.05588817596435547,0.0,0.14,0.61,0.62
0.06582212448120117,-0.02,0.01,0.24,0.24
0.07574605941772461,0.02,-0.09,-0.67,0.67
0.08580994606018066,-0.07,0.04,0.55,0.55
0.0956730842590332,0.01,-0.01,0.31,0.31
0.1057438850402832,0.01,-0.07,-0.41,0.41
0.11599111557006836,0.01,0.0,0.34,0.34
0.12641286849975586,-0.04,0.0,0.21,0.21
0.13543295860290527,-0.08,-0.06,-0.42,0.43
0.14563202857971191,0.09,0.07,0.66,0.66
0.1554269790649414,0.14,-0.04,0.34,0.36
0.16533303260803223,-0.2,-0.12,-0.83,0.86
0.17537999153137207,-0.09,0.05,0.77,0.77
0.18529415130615234,0.14,-0.02,0.24,0.27
0.1952371597290039,0.05,-0.06,-0.42,0.42
0.2054581642150879,-0.15,0.02,0.4,0.42
0.2152860164642334,0.03,0.01,0.16,0.16
0.22549200057983398,0.1,-0.01,-0.12,0.15
0.2353048324584961,-0.06,0.03,0.21,0.22
0.24526309967041016,-0.11,0.03,0.16,0.19
0.2551698684692383,0.12,-0.01,-0.04,0.12
0.26513099670410156,0.03,0.02,0.15,0.15
0.27510499954223633,-0.04,0.0,0.11,0.11
0.2850630283355713,-0.06,-0.03,0.08,0.1
0.2952089309692383,0.04,-0.05,0.08,0.1
0.30507397651672363,-0.01,-0.03,0.11,0.11
0.3149261474609375,0.01,-0.03,0.16,0.16
0.32548093795776367,0.02,-0.03,0.09,0.09
0.3353748321533203,-0.05,-0.04,0.06,0.08
0.345350980758667,-0.04,0.0,0.15,0.15
0.3552360534667969,0.03,-0.01,0.11,0.11
0.36519598960876465,-0.01,0.0,0.07,0.07
0.3751511573791504,-0.06,0.0,0.1,0.11
0.385221004486084,-0.01,0.01,0.1,0.1
0.3950948715209961,0.05,0.01,0.07,0.08
0.4053800106048584,-0.03,0.01,0.13,0.13
0.41496896743774414,-0.03,0.02,0.09,0.09
0.4249091148376465,0.03,0.02,0.12,0.12
0.43483591079711914,0.01,0.0,0.09,0.09
0.44478797912597656,-0.05,0.01,0.08,0.09
0.4546339511871338,-0.02,0.01,0.12,0.12
0.46436214447021484,0.05,-0.01,0.09,0.1
0.4747591018676758,-0.04,-0.03,0.09,0.1
0.4847569465637207,-0.04,-0.02,0.12,0.12
0.4946479797363281,0.06,-0.03,0.1,0.12
0.5046281814575195,-0.03,-0.03,0.06,0.07
0.5145659446716309,-0.09,-0.01,0.09,0.12
0.5244710445404053,0.03,-0.02,0.17,0.17
0.5344929695129395,0.05,-0.03,0.11,0.12
0.5443539619445801,-0.05,0.0,0.07,0.08
0.5543599128723145,-0.04,0.01,0.13,0.13
0.564302921295166,0.05,0.01,0.09,0.1
0.574103832244873,-0.03,0.02,0.09,0.09
0.5836949348449707,-0.17,0.05,0.18,0.25
0.5934848785400391,0.11,0.0,-0.04,0.11
0.6042098999023438,0.01,0.02,0.11,0.11
0.6144561767578125,-0.03,0.02,0.18,0.18
0.6240429878234863,0.0,-0.01,0.08,0.08
0.6338880062103271,0.02,-0.05,0.1,0.11
0.6439599990844727,-0.05,-0.06,0.18,0.19
0.6538901329040527,-0.03,-0.06,0.11,0.12
0.6639151573181152,0.02,-0.05,0.05,0.07
0.6738369464874268,0.01,-0.05,0.09,0.1
0.6837959289550781,0.0,-0.03,0.16,0.16
0.6939711570739746,0.06,-0.02,0.21,0.21
0.703618049621582,0.29,-0.01,0.01,0.29
0.7135829925537109,0.17,0.05,-0.02,0.17
0.7236299514770508,-0.15,0.11,0.13,0.22
0.7335460186004639,-0.35,0.07,0.16,0.39
0.7436120510101318,-0.11,0.02,0.1,0.15
0.7533609867095947,0.0,0.02,0.13,0.13
0.7634391784667969,0.04,-0.01,0.1,0.1
0.7734110355377197,-0.03,-0.02,0.09,0.09
0.7832541465759277,-0.05,-0.03,0.18,0.18
0.7934818267822266,-0.01,-0.05,0.11,0.12
0.8031599521636963,0.02,-0.03,0.09,0.09
0.8131861686706543,-0.01,-0.03,0.13,0.13
0.8231210708618164,-0.02,-0.04,0.12,0.12
0.8331160545349121,0.02,-0.03,0.13,0.13
0.8433239459991455,0.18,-0.04,0.14,0.23
0.853024959564209,0.31,-0.04,0.09,0.32
0.8629951477050781,0.24,0.03,0.08,0.25
0.8728649616241455,-0.04,0.12,0.12,0.17
0.8827128410339355,-0.19,0.1,0.09,0.23
0.8927731513977051,-0.17,0.0,0.09,0.19
0.9030909538269043,-0.16,-0.03,0.14,0.21
0.912693977355957,-0.14,-0.02,0.11,0.17
0.9226799011230469,-0.07,-0.04,0.11,0.13
0.9326779842376709,-0.05,0.03,0.11,0.12
0.9426710605621338,-0.05,0.21,0.14,0.25
0.9524040222167969,-0.06,0.5,0.16,0.52
0.9619698524475098,-0.03,0.24,0.05,0.24
0.9719681739807129,0.05,-0.08,0.11,0.14
0.9824328422546387,0.06,-0.3,0.12,0.32
0.9923439025878906,0.05,-0.44,0.09,0.45
1.0022449493408203,-0.05,-0.28,0.14,0.31
1.012247085571289,-0.04,0.02,0.1,0.1
1.022325038909912,0.0,-0.01,0.1,0.1
1.032167911529541,0.0,-0.01,0.11,0.11
1.0421559810638428,-0.01,-0.02,0.15,0.15
1.0520429611206055,0.02,-0.03,0.14,0.14
1.0620720386505127,0.01,-0.02,0.12,0.12
1.0719490051269531,0.01,-0.03,0.12,0.12
1.0818290710449219,0.0,-0.02,0.13,0.13
1.0918331146240234,-0.03,-0.02,0.12,0.12
1.1018049716949463,-0.01,0.0,0.11,0.11
1.112152099609375,-0.02,0.02,0.11,0.11
1.1218349933624268,0.01,0.01,0.11,0.11
1.1318001747131348,0.0,0.01,0.13,0.13
1.1417789459228516,0.0,0.01,0.13,0.13
1.1520140171051025,0.01,0.01,0.11,0.11
1.1615338325500488,-0.01,0.02,0.11,0.11
1.1715798377990723,-0.04,0.02,0.1,0.1
1.1815659999847412,-0.01,0.01,0.11,0.11
1.1917638778686523,-0.01,-0.02,0.14,0.14
1.2014729976654053,0.01,-0.03,0.1,0.1
1.2114360332489014,-0.01,-0.04,0.12,0.12
1.2213358879089355,-0.04,-0.02,0.15,0.15
1.2312819957733154,-0.04,-0.01,0.14,0.14
1.2411880493164062,-0.02,0.02,0.07,0.07
1.251089096069336,-0.01,0.02,0.1,0.1
1.2612249851226807,-0.02,0.02,0.15,0.15
1.2713940143585205,-0.03,0.04,0.14,0.14
1.2809858322143555,0.0,0.01,0.08,0.08
1.290928840637207,-0.02,0.02,0.08,0.08
1.3010621070861816,0.02,-0.01,0.11,0.11
1.3109290599822998,0.04,-0.02,0.0,0.04
1.3208930492401123,0.04,-0.07,0.07,0.1
1.3308148384094238,-0.01,-0.08,0.17,0.18
1.3407201766967773,0.01,-0.03,0.1,0.1
1.3507280349731445,0.01,-0.01,0.08,0.08
1.3606970310211182,0.01,0.01,0.12,0.12
1.370370864868164,0.01,0.01,0.12,0.12
1.3800430297851562,0.0,0.02,0.11,0.11
1.3905658721923828,-0.03,0.02,0.12,0.12
1.4005818367004395,-0.05,0.02,0.15,0.15
1.4106409549713135,-0.01,0.01,0.12,0.12
1.4204678535461426,-0.02,-0.01,0.12,0.12
1.4303021430969238,-0.05,-0.01,0.16,0.16
1.4406518936157227,-0.01,0.0,0.08,0.08
1.4502358436584473,0.09,-0.01,0.0,0.09
1.460312843322754,0.05,0.0,0.0,0.05
1.4701051712036133,0.01,-0.01,0.11,0.11
1.4803929328918457,0.0,-0.01,0.12,0.12
1.4901561737060547,-0.04,-0.01,0.13,0.13
1.5001158714294434,0.01,0.01,0.08,0.08
1.509993076324463,-0.03,-0.01,0.15,0.15
1.5196080207824707,-0.01,0.0,0.09,0.09
1.5292589664459229,0.05,-0.01,0.08,0.09
1.5394530296325684,0.0,-0.01,0.11,0.11
1.5494308471679688,0.0,0.0,0.1,0.1
1.5593359470367432,-0.01,-0.01,0.11,0.11
1.5692200660705566,-0.03,-0.01,0.11,0.11
1.5793309211730957,0.0,-0.01,0.11,0.11
1.5892930030822754,0.01,-0.01,0.1,0.1
1.5990769863128662,0.01,-0.03,0.09,0.09
1.6090779304504395,-0.01,-0.04,0.12,0.12
1.6190400123596191,-0.03,-0.02,0.14,0.14
1.6289758682250977,0.0,-0.02,0.11,0.11
1.6390671730041504,0.01,0.01,0.06,0.06
1.6488430500030518,-0.01,0.0,0.12,0.12
1.6589009761810303,0.0,0.01,0.11,0.11
1.668778896331787,0.0,0.02,0.07,0.07
1.678743839263916,-0.02,0.01,0.11,0.11
1.6886730194091797,-0.01,0.01,0.09,0.09
1.6987881660461426,0.02,-0.01,0.09,0.09
1.7087860107421875,-0.02,-0.01,0.12,0.12
1.7186808586120605,0.0,-0.01,0.09,0.09
1.7286701202392578,0.0,-0.03,0.14,0.14
1.7384929656982422,0.0,-0.03,0.1,0.1
1.7484111785888672,-0.01,-0.02,0.06,0.06
1.7584559917449951,-0.03,-0.03,0.14,0.14
1.7683491706848145,0.0,0.0,0.12,0.12
1.7782859802246094,0.01,0.01,0.06,0.06
1.7882709503173828,-0.02,0.03,0.12,0.12
1.7982611656188965,-0.01,0.03,0.14,0.14
1.8085479736328125,0.01,0.03,0.07,0.07
1.8180809020996094,0.02,0.03,0.06,0.06
1.8280680179595947,-0.01,0.01,0.1,0.1
1.8380241394042969,0.0,0.0,0.09,0.09
1.8482599258422852,0.0,-0.01,0.1,0.1
1.858078956604004,-0.01,-0.01,0.1,0.1
1.868293046951294,0.02,-0.01,0.09,0.09
1.878159999847412,-0.01,-0.02,0.1,0.1
1.8886198997497559,-0.02,-0.02,0.13,0.13
1.898301124572754,-0.02,-0.03,0.11,0.11
1.9083051681518555,0.0,-0.02,0.1,0.1
1.9181280136108398,0.0,-0.02,0.09,0.09
1.9282050132751465,0.0,-0.03,0.11,0.11
1.93796706199646,-0.01,-0.03,0.1,0.1
1.947965145111084,-0.01,-0.01,0.08,0.08
1.9579169750213623,0.0,-0.01,0.1,0.1
1.9679009914398193,-0.01,0.0,0.11,0.11
1.9780030250549316,0.02,0.01,0.07,0.07
1.987718105316162,0.0,0.02,0.08,0.08
1.9978699684143066,-0.03,0.03,0.13,0.13
2.0077290534973145,-0.01,0.04,0.11,0.11
2.0179710388183594,0.0,0.05,0.09,0.1
2.027683973312378,0.01,0.04,0.09,0.09
2.0375280380249023,-0.01,0.03,0.1,0.1
2.047538995742798,0.0,0.0,0.1,0.1
2.0577988624572754,-0.01,-0.02,0.1,0.1
2.067376136779785,-0.01,-0.05,0.11,0.12
2.077523946762085,0.0,-0.06,0.11,0.12
2.087325096130371,0.02,-0.07,0.08,0.1
2.097615957260132,0.01,-0.07,0.08,0.1
2.1072750091552734,-0.02,-0.06,0.12,0.13
2.1171820163726807,-0.01,-0.03,0.11,0.11
2.127261161804199,0.01,0.01,0.1,0.1
2.137482166290283,-0.02,0.03,0.11,0.11
2.146610975265503,-0.05,0.03,0.12,0.13
2.1570680141448975,0.02,0.04,0.08,0.09
2.167055130004883,0.01,0.04,0.09,0.09
2.177380084991455,-0.01,0.02,0.09,0.09
2.186985969543457,0.0,0.0,0.11,0.11
2.1964590549468994,-0.02,0.0,0.09,0.09
2.2068090438842773,-0.02,0.0,0.09,0.09
2.216884136199951,-0.04,0.0,0.12,0.12
2.226996898651123,-0.01,-0.02,0.1,0.1
2.2367169857025146,0.04,-0.02,0.08,0.09
2.246284008026123,0.02,-0.03,0.1,0.1
2.2565841674804688,-0.01,-0.03,0.1,0.1
2.2665858268737793,0.0,-0.03,0.1,0.1
2.276628017425537,0.0,-0.02,0.09,0.09
2.2865359783172607,0.0,0.0,0.09,0.09
2.29636812210083,-0.01,0.02,0.11,0.11
2.3063979148864746,0.0,0.03,0.09,0.09
2.3163461685180664,0.0,0.03,0.08,0.08
2.326385021209717,-0.01,0.01,0.11,0.11
2.336258888244629,-0.01,-0.01,0.11,0.11
2.346196174621582,0.02,-0.04,0.1,0.1
2.3561689853668213,0.0,-0.05,0.09,0.1
2.366076946258545,-0.03,-0.05,0.1,0.11
2.376108169555664,-0.01,-0.04,0.12,0.12
2.3918418884277344,0.04,-0.01,0.01,0.04
2.3956298828125,0.08,0.03,-0.07,0.11
2.4059369564056396,-0.06,0.02,0.19,0.2
2.416033983230591,-0.06,0.02,0.27,0.27
2.426246166229248,-0.01,0.01,0.18,0.18
2.4378390312194824,-0.04,0.03,0.16,0.16
2.4453539848327637,-0.08,0.04,0.11,0.14
2.4666409492492676,0.08,0.02,-0.06,0.1
2.4726028442382812,0.06,-0.03,0.06,0.09
2.4771759510040283,-0.08,-0.02,0.15,0.17
2.485218048095703,0.0,-0.02,0.1,0.1
2.4955520629882812,0.0,-0.03,0.09,0.09
2.5047249794006348,0.0,-0.03,0.09,0.09
2.5165090560913086,-0.02,-0.02,0.12,0.12
2.5263280868530273,0.0,-0.01,0.1,0.1
2.5362460613250732,0.02,0.0,0.07,0.07
2.561861991882324,0.0,0.01,0.11,0.11
2.5652871131896973,-0.01,0.0,0.11,0.11
2.567924976348877,0.0,0.01,0.09,0.09
2.5871939659118652,-0.02,0.0,0.13,0.13
2.5906729698181152,0.0,0.0,0.09,0.09
2.598680019378662,0.0,0.0,0.08,0.08
2.604720115661621,-0.01,0.0,0.11,0.11
2.615243911743164,0.0,-0.02,0.09,0.09
2.624185085296631,0.02,-0.02,0.09,0.09
2.6354899406433105,-0.03,-0.01,0.12,0.12
2.656968116760254,0.0,-0.02,0.07,0.07
2.660780906677246,0.01,-0.01,0.08,0.08
2.6646289825439453,-0.03,0.0,0.12,0.12
2.674229145050049,0.0,0.0,0.09,0.09
2.6843390464782715,0.0,0.0,0.08,0.08
2.694685935974121,-0.01,0.01,0.11,0.11
2.7044968605041504,-0.01,0.01,0.1,0.1
2.7149128913879395,0.0,0.01,0.09,0.09
2.7246220111846924,0.01,0.0,0.11,0.11
2.734606981277466,-0.01,0.0,0.1,0.1
2.7581560611724854,-0.02,-0.01,0.11,0.11
2.7620558738708496,-0.01,-0.01,0.1,0.1
2.7651679515838623,0.02,-0.01,0.09,0.09
2.7737178802490234,-0.02,-0.01,0.11,0.11
2.7842111587524414,-0.02,-0.02,0.1,0.1
2.7939891815185547,0.01,-0.02,0.1,0.1
2.8045310974121094,0.0,-0.01,0.09,0.09
2.8142881393432617,-0.02,0.0,0.11,0.11
2.8236420154571533,-0.01,0.0,0.11,0.11
2.8343050479888916,-0.01,0.0,0.09,0.09
2.8567559719085693,0.0,0.0,0.08,0.08
2.8602328300476074,-0.01,0.01,0.09,0.09
2.8631649017333984,-0.01,-0.01,0.09,0.09
2.87368106842041,0.0,-0.01,0.07,0.07
2.883932113647461,-0.01,-0.02,0.08,0.08
2.8937289714813232,-0.01,-0.01,0.12,0.12
2.9037389755249023,-0.01,-0.02,0.09,0.09
2.913339138031006,0.02,-0.02,0.09,0.09
2.9237060546875,0.0,-0.02,0.07,0.07
2.9343161582946777,0.0,0.0,0.09,0.09
2.957808017730713,-0.01,0.0,0.12,0.12
2.9617719650268555,-0.02,0.0,0.17,0.17
2.9649600982666016,0.03,0.04,0.09,0.1
2.9732940196990967,0.26,0.37,0.2,0.49
2.983426094055176,0.31,0.56,0.06,0.64
2.9931020736694336,-0.01,0.19,0.0,0.19
3.0037288665771484,-0.16,-0.08,0.13,0.22
3.013291835784912,-0.2,-0.23,0.06,0.31
3.0234320163726807,-0.25,-0.24,0.1,0.36
3.0334091186523438,-0.15,-0.12,0.13,0.23
3.053678035736084,-0.01,0.07,0.0,0.07
3.05663800239563,-0.1,0.1,0.13,0.19
3.062276840209961,-0.11,0.08,0.16,0.21
3.0728049278259277,-0.07,0.04,0.1,0.12
3.082728862762451,-0.02,0.03,0.11,0.11
3.092751979827881,0.0,-0.03,0.13,0.13
3.102668046951294,0.06,-0.19,0.08,0.21
3.113363027572632,0.15,-0.43,0.1,0.46
3.1230669021606445,0.16,-0.47,0.11,0.5
3.1330409049987793,-0.07,0.01,0.12,0.13
3.1548681259155273,-0.04,-0.02,0.16,0.16
3.158411979675293,0.05,-0.01,0.06,0.07
3.1620559692382812,0.0,-0.01,0.09,0.09
3.172377109527588,-0.03,0.0,0.12,0.12
3.1821229457855225,-0.01,0.0,0.12,0.12
3.1924691200256348,0.02,0.0,0.08,0.08
3.202209949493408,0.0,0.01,0.08,0.08
3.212815999984741,-0.04,0.02,0.15,0.15
3.2225840091705322,-0.03,0.0,0.12,0.12
3.232539176940918,0.0,0.0,0.09,0.09
3.255302906036377,-0.05,-0.01,0.15,0.15
3.2592239379882812,-0.07,-0.03,0.17,0.18
3.2628579139709473,0.03,-0.04,0.08,0.09
3.2719578742980957,0.07,-0.02,0.01,0.07
3.2829530239105225,0.07,-0.02,-0.01,0.07
3.29203200340271,0.03,-0.02,0.07,0.07
3.3022031784057617,-0.01,-0.03,0.16,0.16
3.3122639656066895,-0.02,-0.02,0.11,0.11
3.321985960006714,0.0,-0.01,0.1,0.1
3.3319380283355713,0.0,-0.03,0.11,0.11
3.3542449474334717,0.01,-0.03,0.08,0.08
3.3577070236206055,-0.02,-0.01,0.11,0.11
3.3609540462493896,-0.02,0.02,0.11,0.11
3.371622085571289,0.02,0.0,0.08,0.08
3.3823020458221436,0.0,-0.01,0.09,0.09
3.3917489051818848,-0.05,0.0,0.13,0.13
3.401434898376465,-0.02,-0.01,0.13,0.13
3.4118361473083496,0.01,-0.02,0.09,0.09
3.4215779304504395,0.0,0.01,0.11,0.11
3.4315381050109863,-0.02,0.01,0.13,0.13
3.4539828300476074,0.0,0.02,0.1,0.1
3.458073139190674,0.02,0.01,0.09,0.09
3.461693048477173,-0.01,0.0,0.1,0.1
3.470883846282959,-0.04,0.0,0.12,0.12
3.48136305809021,-0.03,-0.02,0.13,0.13
3.4907870292663574,-0.02,-0.05,0.1,0.11
3.5015058517456055,0.1,-0.01,0.01,0.1
3.511463165283203,-0.02,-0.04,0.15,0.15
3.5212111473083496,0.01,-0.02,0.06,0.06
3.53098201751709,0.01,-0.04,0.14,0.14
3.5525920391082764,0.02,-0.03,0.11,0.11
3.556117057800293,0.05,-0.01,0.08,0.09
3.560883045196533,-0.03,0.0,0.12,0.12
3.5705819129943848,-0.04,0.03,0.08,0.09
3.580958843231201,0.02,0.0,0.09,0.09
3.5910019874572754,0.04,-0.04,0.13,0.14
3.6010169982910156,0.05,-0.07,0.11,0.13
3.6102750301361084,0.05,-0.07,0.1,0.13
3.6209380626678467,0.0,-0.03,0.12,0.12
3.630743980407715,-0.06,0.01,0.11,0.12
3.6529579162597656,-0.09,0.05,0.09,0.13
3.6568679809570312,-0.05,0.06,0.09,0.11
3.6604161262512207,-0.02,0.02,0.1,0.1
3.6698379516601562,-0.03,0.0,0.1,0.1
3.6803550720214844,-0.04,0.01,0.1,0.1
3.6893858909606934,-0.04,0.01,0.1,0.1
3.7004129886627197,-0.08,0.04,0.09,0.12
3.7101621627807617,-0.08,0.03,0.11,0.13
3.720278024673462,0.0,0.01,0.08,0.08
3.7304739952087402,-0.01,0.0,0.09,0.09
3.7555770874023438,-0.01,0.01,0.11,0.11
3.759024143218994,0.0,0.01,0.1,0.1
3.7623138427734375,-0.01,0.01,0.11,0.11
3.769507884979248,-0.02,0.01,0.1,0.1
3.782520055770874,-0.02,0.0,0.11,0.11
3.789551019668579,0.01,-0.01,0.09,0.09
3.799561023712158,0.0,0.0,0.09,0.09
3.808809995651245,0.0,0.0,0.09,0.09
3.8194420337677,0.01,-0.01,0.09,0.09
3.8306121826171875,-0.02,-0.02,0.1,0.1
3.8536059856414795,0.01,-0.02,0.08,0.08
3.8568480014801025,0.0,-0.02,0.1,0.1
3.8596839904785156,-0.02,-0.02,0.11,0.11
3.868946075439453,-0.02,-0.01,0.09,0.09
3.87841796875,-0.02,-0.01,0.09,0.09
3.8891358375549316,-0.01,-0.01,0.1,0.1
3.8991539478302,-0.01,0.0,0.09,0.09
3.9092841148376465,-0.01,-0.01,0.1,0.1
3.9189679622650146,0.0,0.01,0.1,0.1
3.9288010597229004,0.0,0.0,0.1,0.1
3.950968027114868,-0.01,0.0,0.1,0.1
3.9532079696655273,-0.02,0.0,0.1,0.1
3.9584498405456543,0.0,-0.01,0.1,0.1
3.9688148498535156,0.0,-0.01,0.09,0.09
3.9784460067749023,-0.01,-0.01,0.09,0.09
3.9888248443603516,-0.02,-0.01,0.11,0.11
3.998394012451172,-0.02,-0.01,0.1,0.1
4.008357048034668,0.0,-0.01,0.1,0.1
4.018887042999268,0.01,0.0,0.11,0.11
4.029029846191406,0.0,-0.01,0.14,0.14
4.054864883422852,-0.07,0.0,-0.01,0.07
4.058779954910278,0.01,-0.01,0.25,0.25
4.06235408782959,0.04,-0.01,0.03,0.05
4.068212032318115,0.0,0.0,0.02,0.02
4.083026885986328,-0.06,0.01,0.22,0.22
4.088132858276367,0.05,0.0,0.03,0.05
4.098747968673706,-0.01,0.0,0.06,0.06
4.1082868576049805,-0.05,0.0,0.16,0.16
4.118682861328125,0.01,-0.02,0.06,0.06
4.1286940574646,0.0,-0.01,0.09,0.09
4.150269031524658,-0.01,-0.01,0.11,0.11
4.153377056121826,0.01,-0.01,0.09,0.09
4.157618045806885,0.02,0.0,0.08,0.08
4.168004989624023,-0.02,0.01,0.12,0.12
4.17775297164917,-0.02,0.02,0.11,0.11
4.187443017959595,0.0,0.01,0.11,0.11
4.197703838348389,-0.01,0.0,0.09,0.09
4.2076640129089355,-0.02,0.0,0.08,0.08
4.2179930210113525,0.01,-0.02,0.09,0.09
4.227611064910889,0.01,-0.02,0.1,0.1
4.252065181732178,-0.03,-0.01,0.1,0.1
4.254878044128418,-0.01,-0.01,0.1,0.1
4.257227897644043,0.0,0.0,0.1,0.1
4.267305850982666,-0.01,0.0,0.08,0.08
4.277413845062256,0.02,-0.01,0.08,0.08
4.28731894493103,0.03,0.0,0.07,0.07
4.297548055648804,-0.04,0.01,0.12,0.12
4.307510852813721,-0.05,-0.01,0.14,0.14
4.317280054092407,0.0,-0.01,0.1,0.1
4.327651023864746,0.0,-0.01,0.08,0.08
4.351129055023193,-0.03,-0.01,0.08,0.08
4.353571891784668,0.0,0.0,0.08,0.08
4.357310056686401,0.01,-0.01,0.13,0.13
4.367161989212036,-0.01,0.0,0.09,0.09
4.377348899841309,-0.03,-0.01,0.1,0.1
4.386821031570435,-0.03,-0.01,0.11,0.11
4.397436141967773,0.01,-0.02,0.07,0.07
4.407052993774414,-0.03,-0.01,0.1,0.1
4.4166388511657715,-0.02,-0.02,0.1,0.1
4.426929950714111,0.02,-0.02,0.08,0.08
4.45225191116333,-0.01,-0.02,0.12,0.12
4.455688953399658,-0.01,-0.01,0.11,0.11
4.458390951156616,-0.01,-0.01,0.04,0.04
4.467647075653076,-0.01,0.0,0.12,0.12
4.476387023925781,0.0,0.01,0.13,0.13
4.486085891723633,0.0,0.01,0.06,0.06
4.497006893157959,-0.02,0.0,0.1,0.1
4.506227970123291,0.0,0.01,0.1,0.1
4.516607999801636,0.01,0.0,0.08,0.08
4.526255130767822,-0.02,0.0,0.11,0.11
4.549353122711182,-0.02,-0.01,0.1,0.1
4.552700996398926,-0.01,-0.01,0.08,0.08
4.555688858032227,-0.01,0.0,0.12,0.12
4.567224979400635,-0.01,-0.02,0.1,0.1
4.575778961181641,0.0,-0.02,0.09,0.09
4.586122989654541,-0.01,-0.01,0.11,0.11
4.595501899719238,-0.01,-0.02,0.11,0.11
4.605945110321045,-0.01,0.0,0.1,0.1
4.615918159484863,-0.02,0.0,0.11,0.11
4.626853942871094,0.0,-0.01,0.09,0.09
4.647003173828125,0.0,-0.01,0.11,0.11
4.649747848510742,0.0,-0.01,0.11,0.11
4.655410051345825,-0.01,0.0,0.09,0.09
4.66579008102417,-0.01,0.0,0.11,0.11
4.675075054168701,-0.01,0.0,0.12,0.12
4.686086177825928,-0.02,-0.01,0.09,0.09
4.696365833282471,-0.01,0.0,0.1,0.1
4.705480098724365,-0.01,-0.01,0.11,0.11
4.715414047241211,0.0,-0.01,0.09,0.09
4.725583076477051,-0.02,0.0,0.1,0.1
4.750138998031616,-0.01,0.0,0.13,0.13
4.753775119781494,0.01,-0.01,0.1,0.1
4.75656795501709,0.0,-0.01,0.11,0.11
4.7672648429870605,-0.01,-0.01,0.11,0.11
4.774991035461426,0.0,-0.02,0.1,0.1
4.784631967544556,-0.02,-0.02,0.1,0.1
4.795164108276367,-0.02,-0.01,0.11,0.11
4.805423021316528,0.0,-0.02,0.1,0.1
4.814844131469727,0.01,-0.01,0.1,0.1
4.824817180633545,0.0,0.0,0.1,0.1
4.8504040241241455,-0.01,0.01,0.1,0.1
4.853800058364868,-0.02,0.0,0.11,0.11
4.856626987457275,-0.01,0.0,0.1,0.1
4.867323875427246,-0.01,0.0,0.11,0.11
4.874217987060547,-0.01,0.0,0.09,0.09
4.884436130523682,0.0,0.0,0.1,0.1
4.894423961639404,0.0,-0.01,0.1,0.1
4.90471887588501,0.0,-0.02,0.09,0.09
4.914574146270752,-0.02,-0.02,0.12,0.12
4.924278974533081,-0.02,-0.02,0.1,0.1
4.949089050292969,-0.01,-0.02,0.09,0.09
4.952540874481201,-0.02,-0.01,0.1,0.1
4.955552101135254,-0.02,0.0,0.11,0.11
4.968294143676758,-0.02,0.0,0.1,0.1
4.974179983139038,-0.03,0.01,0.09,0.09
4.98464298248291,-0.01,0.01,0.11,0.11
4.993864059448242,0.01,0.01,0.11,0.11
5.004425048828125,0.0,0.0,0.1,0.1
5.0141191482543945,-0.01,0.0,0.09,0.09
5.0236310958862305,0.0,0.0,0.09,0.09
5.04771614074707,0.0,0.0,0.1,0.1
5.0510289669036865,-0.02,0.0,0.08,0.08
5.05403995513916,-0.02,-0.01,0.09,0.09
5.063616037368774,0.0,-0.01,0.12,0.12
5.073505878448486,0.0,-0.01,0.1,0.1
5.084089994430542,-0.01,-0.01,0.09,0.09
5.094016075134277,-0.01,-0.02,0.11,0.11
5.1036460399627686,-0.01,-0.01,0.1,0.1
5.1142401695251465,0.0,-0.02,0.09,0.09
5.123929977416992,-0.01,-0.03,0.12,0.12
5.146511077880859,-0.02,-0.02,0.1,0.1
5.149881839752197,-0.02,-0.02,0.08,0.08
5.15364408493042,-0.01,-0.01,0.11,0.11
5.1685590744018555,0.0,-0.01,0.1,0.1
5.17317008972168,0.0,0.0,0.09,0.09
5.183672904968262,-0.02,0.01,0.1,0.1
5.192861080169678,0.0,0.01,0.1,0.1
5.202454090118408,0.0,0.01,0.1,0.1
5.212674140930176,0.0,0.01,0.1,0.1
5.223312854766846,-0.01,0.01,0.09,0.09
5.247069835662842,-0.01,0.0,0.1,0.1
5.250370979309082,0.0,0.0,0.1,0.1
5.252863883972168,-0.01,-0.01,0.09,0.09
5.262645959854126,-0.01,-0.02,0.11,0.11
5.27276611328125,-0.01,-0.03,0.1,0.1
5.283099174499512,-0.01,-0.02,0.09,0.09
5.292374134063721,-0.01,-0.01,0.09,0.09
5.3027520179748535,-0.01,-0.02,0.1,0.1
5.312371015548706,-0.02,-0.02,0.1,0.1
5.322705984115601,-0.01,-0.02,0.09,0.09
5.3471479415893555,-0.02,-0.01,0.1,0.1
5.351016998291016,-0.01,0.0,0.1,0.1
5.353482007980347,0.0,0.0,0.09,0.09
5.36737585067749,0.0,0.0,0.11,0.11
5.371963024139404,0.0,0.0,0.1,0.1
5.382585048675537,0.0,0.0,0.09,0.09
5.392218112945557,-0.01,-0.01,0.09,0.09
5.401957035064697,-0.02,-0.01,0.09,0.09
5.411981105804443,-0.02,-0.01,0.1,0.1
5.421800136566162,-0.01,-0.01,0.1,0.1
5.446954011917114,-0.02,-0.01,0.09,0.09
5.451179027557373,-0.01,-0.02,0.1,0.1
5.45420503616333,0.0,-0.01,0.1,0.1
5.468294143676758,-0.01,0.0,0.09,0.09
5.472426891326904,-0.02,0.0,0.1,0.1
5.482008934020996,-0.01,-0.01,0.1,0.1
5.491809844970703,0.01,-0.01,0.09,0.09
5.501971006393433,-0.02,-0.01,0.1,0.1
5.512079954147339,0.0,0.0,0.09,0.09
5.5221638679504395,-0.01,0.0,0.1,0.1
5.544804096221924,0.0,0.0,0.09,0.09
5.548763990402222,0.01,-0.01,0.08,0.08
5.552428960800171,-0.01,0.0,0.1,0.1
5.561548948287964,-0.02,0.0,0.09,0.09
5.571144104003906,0.0,-0.01,0.09,0.09
5.581125974655151,0.0,-0.01,0.11,0.11
5.591670989990234,-0.01,0.0,0.09,0.09
5.600641965866089,-0.01,0.0,0.09,0.09
5.611905097961426,0.0,-0.01,0.1,0.1
5.62134313583374,0.0,-0.02,0.09,0.09
5.643290042877197,-0.03,-0.02,0.1,0.1
5.647125959396362,-0.03,-0.01,0.1,0.1
5.6514668464660645,0.0,-0.01,0.09,0.09
5.661034107208252,-0.01,-0.01,0.1,0.1
5.671077013015747,-0.01,-0.01,0.09,0.09
5.680828094482422,-0.02,-0.01,0.09,0.09
5.691293954849243,-0.01,0.01,0.08,0.08
5.7008891105651855,0.01,0.02,0.08,0.08
5.711430072784424,0.0,0.03,0.07,0.07
5.721135139465332,-0.1,0.05,0.18,0.21
5.744879961013794,0.02,-0.03,0.1,0.1
5.749511003494263,-0.13,0.08,0.06,0.16
5.753159046173096,-0.22,0.32,0.31,0.49
5.760514974594116,-0.97,3.28,0.31,3.43
5.770920038223267,-0.12,5.95,-0.66,5.98
5.780572891235352,0.33,5.48,0.29,5.49
5.7907960414886475,0.23,4.47,0.25,4.48
5.800822019577026,0.25,3.25,-0.03,3.25
5.811156988143921,0.19,2.06,0.33,2.09
5.8206329345703125,0.15,1.33,0.08,1.34
5.842684030532837,0.14,0.92,-0.01,0.93
5.846806049346924,0.13,0.75,0.22,0.79
5.850587844848633,0.17,1.02,0.08,1.03
5.860279083251953,0.27,1.65,0.05,1.67
5.870198965072632,0.39,2.43,0.16,2.46
5.88022518157959,0.51,3.33,0.14,3.37
5.890373945236206,0.64,4.25,0.01,4.29
5.90032696723938,0.72,4.91,0.18,4.96
5.910372972488403,0.76,5.28,0.1,5.33
5.9203040599823,0.68,5.19,0.12,5.23
5.941663026809692,0.59,4.67,0.07,4.7
5.94579005241394,0.42,3.82,0.16,3.84
5.9495038986206055,0.29,2.93,0.06,2.94
5.9591310024261475,0.14,2.12,0.14,2.12
5.9695611000061035,0.08,1.55,0.12,1.55
5.979867935180664,0.02,1.28,0.09,1.28
5.989442825317383,-0.01,1.27,0.12,1.27
5.999556064605713,-0.03,1.58,0.11,1.58
6.009785175323486,-0.07,2.18,0.09,2.18
6.020313024520874,-0.1,2.92,0.11,2.92
6.0414910316467285,-0.16,3.76,0.07,3.76
6.045659065246582,-0.23,4.48,0.1,4.48
6.050253868103027,-0.3,4.92,0.11,4.93
6.058585166931152,-0.34,5.07,0.07,5.08
6.0691938400268555,-0.35,4.76,0.13,4.77
6.079519987106323,-0.32,4.16,0.08,4.17
6.0893659591674805,-0.29,3.39,0.13,3.4
6.099154949188232,-0.24,2.62,0.1,2.63
6.109354019165039,-0.19,1.99,0.05,1.99
6.11936616897583,-0.16,1.57,0.08,1.58
6.140321969985962,-0.14,1.47,0.1,1.48
6.143424987792969,-0.13,1.61,0.12,1.61
6.148654937744141,-0.11,2.01,0.11,2.01
6.158614158630371,-0.06,2.6,0.03,2.6
6.168765068054199,-0.01,3.23,0.14,3.23
6.179051876068115,0.04,3.86,0.07,3.86
6.188547134399414,0.11,4.29,0.01,4.29
6.198961019515991,0.19,4.43,0.09,4.43
6.208902835845947,0.22,4.32,0.15,4.32
6.218801021575928,0.27,3.89,0.01,3.89
6.241085052490234,0.3,3.19,0.02,3.2
6.244961977005005,0.27,2.49,0.13,2.5
6.2485761642456055,0.24,1.89,-0.07,1.9
6.257866859436035,0.25,1.45,0.13,1.47
6.268314838409424,0.23,1.42,0.25,1.46
6.278419017791748,0.24,1.53,0.02,1.54
6.288174152374268,0.29,1.81,0.28,1.85
6.298459053039551,0.35,2.38,0.07,2.4
6.308402061462402,0.4,2.89,0.1,2.91
6.318413972854614,0.44,3.38,0.13,3.41
6.340394973754883,0.44,3.73,0.08,3.75
6.3438849449157715,0.4,3.87,0.14,3.89
6.347837924957275,0.37,3.83,0.08,3.84
6.358001947402954,0.31,3.67,-0.02,3.68
6.367909908294678,0.21,3.28,0.25,3.29
6.377907991409302,0.14,2.88,0.11,2.88
6.388172149658203,0.04,1.49,-0.01,1.49
6.397953987121582,-0.15,-2.26,0.28,2.28
6.407977104187012,-0.09,-3.45,0.1,3.45
6.417961120605469,-0.08,-3.4,0.14,3.4
6.440413951873779,-0.08,-3.42,0.19,3.42
6.443828105926514,-0.06,-3.38,0.14,3.38
6.447257995605469,-0.04,-3.31,-0.05,3.31
6.457038879394531,-0.04,-3.38,0.24,3.38
6.467767953872681,0.02,-3.42,0.05,3.42
6.47739315032959,0.01,-3.48,0.15,3.48
6.487195014953613,0.02,-3.55,0.14,3.55
6.4975738525390625,0.07,-3.64,0.07,3.64
6.507493019104004,0.08,-3.66,0.2,3.66
6.51754093170166,0.11,-3.64,0.09,3.64
6.538403034210205,0.14,-3.64,0.11,3.64
6.540992021560669,0.16,-3.59,0.14,3.59
6.547055959701538,0.18,-3.54,0.14,3.54
6.556792974472046,0.22,-3.5,0.08,3.5
6.566905975341797,0.22,-3.51,0.09,3.51
6.577000141143799,0.23,-3.53,0.11,3.53
6.587246894836426,0.25,-3.49,0.07,3.49
6.597052097320557,0.24,-3.49,0.15,3.5
6.606649875640869,0.28,-3.49,0.07,3.5
6.616811990737915,0.28,-3.48,0.15,3.49
6.639008045196533,0.3,-3.45,0.08,3.46
6.642184019088745,0.32,-3.45,0.11,3.46
6.646582126617432,0.34,-3.46,0.07,3.47
6.656512975692749,0.36,-3.47,0.09,3.48
6.666435956954956,0.36,-3.43,0.1,3.45
6.676476001739502,0.38,-3.39,0.11,3.41
6.686788082122803,0.4,-3.38,0.06,3.4
6.6969640254974365,0.42,-3.42,0.09,3.44
6.706570148468018,0.44,-3.45,0.1,3.47
6.716976165771484,0.45,-3.42,0.08,3.45
6.738903999328613,0.46,-3.38,0.11,3.41
6.74242901802063,0.48,-3.36,0.05,3.39
6.746128082275391,0.49,-3.33,0.12,3.36
6.756155967712402,0.5,-3.3,0.11,3.33
6.765881061553955,0.5,-3.28,0.12,3.32
6.775824069976807,0.52,-3.24,0.08,3.28
6.785801887512207,0.53,-3.22,0.11,3.26
6.7957611083984375,0.53,-3.18,0.07,3.22
6.806232929229736,0.54,-3.17,0.13,3.21
6.816136837005615,0.55,-3.12,0.05,3.16
6.836529970169067,0.55,-3.08,0.13,3.13
6.839352130889893,0.53,-3.0,0.1,3.04
6.844900131225586,0.54,-2.95,0.07,2.99
6.855108976364136,0.54,-2.94,0.13,2.99
6.865730047225952,0.55,-2.9,0.07,2.95
6.874905109405518,0.55,-2.9,0.11,2.95
6.885426998138428,0.56,-2.88,0.09,2.93
6.895258903503418,0.56,-2.86,0.09,2.91
6.905602931976318,0.56,-2.83,0.1,2.88
6.915678977966309,0.53,-2.78,0.12,2.83
6.937635898590088,0.54,-2.71,0.07,2.76
6.941370964050293,0.51,-2.63,0.1,2.68
6.944926977157593,0.52,-2.59,0.09,2.64
6.954946041107178,0.5,-2.56,0.1,2.61
6.965539932250977,0.47,-2.45,0.09,2.49
6.975082874298096,0.44,-2.31,0.11,2.35
6.984884977340698,0.38,-2.13,0.09,2.16
6.995552062988281,0.15,-1.1,0.17,1.12
7.005174160003662,0.2,0.12,0.02,0.23
7.015208959579468,-0.32,0.26,0.11,0.42
7.036473989486694,-0.21,0.24,0.12,0.34
7.040162086486816,0.18,-0.01,0.07,0.19
7.044481992721558,0.11,-0.07,0.14,0.19
7.054545879364014,-0.06,0.13,0.08,0.16
7.065127849578857,-0.11,0.13,0.11,0.2
7.074493885040283,0.05,0.02,0.1,0.11
7.084897041320801,0.07,-0.01,0.1,0.12
7.0950000286102295,-0.03,0.04,0.11,0.12
7.104341983795166,-0.03,0.04,0.09,0.1
7.114582061767578,0.04,0.0,0.09,0.09
7.136085033416748,0.03,0.01,0.1,0.1
7.139256000518799,-0.02,0.05,0.1,0.11
7.143898963928223,-0.01,0.05,0.11,0.12
7.1540679931640625,0.01,0.05,0.1,0.11
7.164257049560547,-0.01,0.05,0.11,0.12
7.174082040786743,-0.02,0.07,0.1,0.12
7.184246063232422,-0.01,0.06,0.11,0.12
7.194622993469238,0.01,0.03,0.1,0.1
7.204440116882324,0.0,0.02,0.12,0.12
7.214176177978516,0.0,0.01,0.1,0.1
7.236164093017578,0.01,-0.01,0.1,0.1
7.238612174987793,0.01,0.0,0.1,0.1
7.243649959564209,0.01,0.01,0.09,0.09
7.254071950912476,0.01,0.0,0.1,0.1
7.263534069061279,0.01,0.02,0.1,0.1
7.273713111877441,0.0,0.04,0.1,0.1
7.283390045166016,-0.01,0.04,0.1,0.1
7.294358968734741,0.0,0.05,0.09,0.1
7.303628921508789,-0.01,0.04,0.09,0.09
7.313570022583008,-0.01,0.04,0.1,0.1
7.336134910583496,0.01,0.05,0.1,0.11
7.340195178985596,0.0,0.04,0.1,0.1
7.343842029571533,-0.01,0.03,0.1,0.1
7.353837966918945,0.0,0.04,0.11,0.11
7.363553047180176,0.0,0.02,0.1,0.1
7.37370491027832,0.01,0.02,0.09,0.09
7.383315086364746,-0.01,0.02,0.1,0.1
7.393208980560303,0.01,0.02,0.09,0.09
7.402928829193115,0.01,0.02,0.1,0.1
7.413528919219971,0.0,0.01,0.1,0.1
7.435565948486328,0.0,0.02,0.09,0.09
7.4393579959869385,0.0,0.01,0.1,0.1
7.44234299659729,0.0,0.01,0.1,0.1
7.45304012298584,0.0,0.01,0.09,0.09
7.462798118591309,0.0,0.01,0.1,0.1
7.472301959991455,0.0,0.01,0.1,0.1
7.482548952102661,0.0,0.01,0.09,0.09
7.493084907531738,-0.01,0.02,0.11,0.11
7.5029778480529785,0.01,0.03,0.09,0.09
7.512794017791748,0.0,0.03,0.1,0.1
7.536434173583984,-0.01,0.02,0.11,0.11
7.540542125701904,-0.01,0.04,0.09,0.09
7.544723987579346,0.0,0.05,0.1,0.11
7.5537800788879395,-0.01,0.04,0.1,0.1
7.562855958938599,-0.02,0.03,0.11,0.11
7.572721004486084,0.0,0.02,0.1,0.1
7.582319021224976,0.0,0.01,0.1,0.1
7.5925798416137695,-0.01,0.02,0.09,0.09
7.602236986160278,-0.01,0.01,0.1,0.1
7.612005949020386,0.0,0.02,0.1,0.1
7.634070873260498,0.0,0.01,0.1,0.1
7.63716197013855,0.0,0.02,0.09,0.09
7.641725063323975,0.0,0.01,0.1,0.1
7.652312994003296,0.0,0.02,0.09,0.09
7.661218166351318,0.0,0.02,0.09,0.09
7.671998023986816,-0.01,0.01,0.09,0.09
7.681740045547485,-0.01,0.01,0.11,0.11
7.691859006881714,-0.01,0.02,0.09,0.09
7.701901912689209,0.0,0.02,0.1,0.1
7.71150016784668,0.0,0.01,0.1,0.1
7.734507083892822,-0.02,0.02,0.1,0.1
7.737892150878906,0.01,0.03,0.1,0.1
7.741547107696533,0.03,0.01,0.09,0.09
7.753631114959717,-0.03,0.0,0.09,0.09
7.762188911437988,-0.02,0.02,0.11,0.11
7.771785020828247,0.01,0.01,0.1,0.1
7.781808853149414,0.03,0.0,0.09,0.09
7.791607856750488,-0.03,0.01,0.1,0.1
7.801262855529785,-0.02,0.03,0.1,0.1
7.811830043792725,0.02,0.01,0.09,0.09
7.833681106567383,-0.02,0.01,0.11,0.11
7.837102890014648,-0.03,0.04,0.09,0.1
7.841048002243042,0.0,0.02,0.12,0.12
7.852768898010254,0.02,0.02,0.09,0.09
7.861119031906128,-0.02,0.02,0.1,0.1
7.8704400062561035,-0.02,0.02,0.1,0.1
7.880978107452393,0.02,0.01,0.1,0.1
7.890902996063232,0.0,0.01,0.09,0.09
7.9005279541015625,-0.02,0.01,0.09,0.09
7.911377906799316,0.0,0.02,0.1,0.1
7.934514045715332,0.0,-0.01,0.08,0.08
7.938435077667236,0.0,0.01,0.1,0.1
7.942249059677124,0.01,0.02,0.11,0.11
7.952910900115967,0.0,0.01,0.08,0.08
7.960716962814331,-0.01,0.0,0.1,0.1
7.970067024230957,-0.01,0.04,0.1,0.1
7.981093883514404,0.01,0.01,0.09,0.09
7.990259170532227,0.01,-0.01,0.09,0.09
8.000332832336426,-0.03,0.03,0.09,0.09
8.009976863861084,0.0,0.03,0.09,0.09
8.033889055252075,0.01,0.0,0.1,0.1
8.037530899047852,-0.03,0.02,0.1,0.1
8.039752006530762,-0.03,0.03,0.1,0.1
8.050465106964111,0.02,0.01,0.1,0.1
8.059849977493286,-0.02,0.01,0.09,0.09
8.070289134979248,-0.06,0.01,0.09,0.1
8.080276012420654,-0.06,0.04,0.16,0.17
8.090211868286133,0.01,0.0,0.09,0.09
8.100328922271729,0.07,0.02,0.04,0.08
8.110751152038574,-0.03,0.01,0.12,0.12
8.132312059402466,0.02,0.06,0.06,0.08
8.135907173156738,0.02,0.02,0.08,0.08
8.139628887176514,-0.01,0.0,0.1,0.1
8.153079986572266,-0.01,0.03,0.09,0.09
8.159596920013428,0.0,-0.01,0.1,0.1
8.16989517211914,0.01,-0.01,0.09,0.09
8.179664134979248,-0.01,-0.01,0.1,0.1
8.189588069915771,-0.01,0.0,0.12,0.12
8.199817180633545,-0.02,-0.01,0.09,0.09
8.209190845489502,-0.02,-0.01,0.1,0.1
8.232344150543213,0.0,0.01,0.08,0.08
8.236799001693726,0.01,-0.01,0.07,0.07
8.240125179290771,0.03,0.0,0.08,0.08
8.252789974212646,-0.02,0.01,0.09,0.09
8.258849143981934,-0.02,0.0,0.1,0.1
8.2692129611969,-0.01,0.01,0.11,0.11
8.279713153839111,0.0,0.01,0.09,0.09
8.289382934570312,-0.01,0.0,0.1,0.1
8.29946517944336,0.0,0.02,0.11,0.11
8.308663845062256,0.0,0.01,0.11,0.11
8.330149173736572,-0.02,0.03,0.11,0.11
8.33310604095459,-0.03,0.04,0.1,0.11
8.338440895080566,-0.02,0.04,0.09,0.1
8.348721027374268,0.01,0.03,0.09,0.09
8.358263969421387,-0.02,0.03,0.1,0.1
8.36868405342102,-0.01,0.03,0.1,0.1
8.37917184829712,0.01,0.01,0.09,0.09
8.388661861419678,0.0,0.01,0.08,0.08
8.398857116699219,0.0,0.03,0.06,0.06
8.408871173858643,0.02,0.06,0.05,0.08
8.432966947555542,-0.05,0.0,0.14,0.14
8.43785810470581,0.03,-0.02,0.09,0.09
8.440751075744629,-0.01,-0.03,0.13,0.13
8.453773975372314,-0.02,0.02,0.1,0.1
8.457758903503418,-0.01,0.01,0.1,0.1
8.470142841339111,-0.03,-0.01,0.13,0.13
8.478082180023193,-0.06,-0.01,0.13,0.14
8.488443851470947,-0.04,0.01,0.1,0.1
8.49849796295166,-0.01,-0.02,0.11,0.11
8.508349895477295,0.09,-0.03,0.05,0.1
8.529594898223877,0.14,-0.05,0.02,0.15
8.5331711769104,0.0,0.01,0.1,0.1
8.536736965179443,-0.09,0.07,0.12,0.16
8.547027111053467,-0.03,-0.02,0.15,0.15
8.557022094726562,0.06,-0.02,0.07,0.09
8.566879987716675,-0.06,0.03,0.11,0.12
8.577207088470459,-0.05,0.05,0.09,0.11
8.587067127227783,0.03,-0.01,0.08,0.08
8.596842050552368,-0.04,0.0,0.13,0.13
8.607226848602295,-0.01,0.03,0.08,0.08
8.616827964782715,-0.01,-0.02,0.11,0.11
8.626836061477661,0.01,-0.01,0.09,0.09
8.636831045150757,-0.01,0.0,0.1,0.1
8.646937847137451,-0.01,-0.01,0.1,0.1
8.656625032424927,-0.01,0.01,0.09,0.09
8.667316913604736,0.0,0.02,0.09,0.09
8.677639961242676,0.0,0.02,0.1,0.1
8.68725299835205,-0.01,0.02,0.1,0.1
8.697279930114746,-0.01,0.03,0.09,0.09
8.707189083099365,0.0,0.03,0.1,0.1
8.716871976852417,0.01,0.01,0.1,0.1
8.727066993713379,-0.02,0.01,0.09,0.09
8.737196922302246,0.0,0.0,0.09,0.09
8.747016906738281,0.01,-0.02,0.09,0.09
8.756963968276978,-0.01,-0.01,0.1,0.1
8.766811847686768,-0.01,0.0,0.1,0.1
8.776870965957642,-0.01,0.0,0.1,0.1
8.787839889526367,-0.01,0.01,0.09,0.09
8.796673059463501,-0.02,0.02,0.09,0.09
8.80685305595398,-0.01,0.03,0.09,0.09
8.816733837127686,-0.01,0.03,0.1,0.1
8.82660698890686,-0.01,0.02,0.1,0.1
8.83653998374939,0.0,0.02,0.08,0.08
8.846467971801758,-0.01,0.0,0.1,0.1
8.856480121612549,-0.02,0.0,0.09,0.09
8.866425037384033,0.01,-0.01,0.09,0.09
8.876404047012329,0.0,-0.01,0.1,0.1
8.886296033859253,-0.02,0.01,0.09,0.09
8.896225929260254,0.0,0.01,0.1,0.1
8.906262874603271,0.01,0.01,0.09,0.09
8.916213989257812,-0.02,0.01,0.11,0.11
8.92610502243042,-0.02,0.01,0.1,0.1
8.936357975006104,0.0,0.0,0.09,0.09
8.946065902709961,0.0,0.0,0.1,0.1
8.956042051315308,-0.01,0.0,0.1,0.1
8.96595811843872,0.0,-0.02,0.1,0.1
8.976230144500732,0.0,-0.01,0.1,0.1
8.985865116119385,-0.01,-0.01,0.1,0.1
8.995725154876709,0.0,0.0,0.09,0.09
9.005763053894043,-0.01,0.01,0.09,0.09
9.015732049942017,-0.01,0.02,0.1,0.1
9.02580213546753,-0.01,0.03,0.1,0.1
9.036169052124023,-0.01,0.03,0.09,0.09
9.04561185836792,-0.01,0.03,0.1,0.1
9.055621147155762,-0.04,0.01,0.09,0.09
9.06557297706604,-0.13,0.03,0.19,0.23
9.075446128845215,0.0,0.06,0.05,0.07
9.08552598953247,0.09,-0.12,0.07,0.16
9.09543514251709,0.12,-0.11,0.06,0.17
9.105331897735596,0.13,-0.18,0.03,0.22
9.115301132202148,0.02,-0.17,0.13,0.21
9.125233173370361,-0.02,0.02,0.1,0.1
9.13519287109375,-0.1,0.11,0.1,0.17
9.14552116394043,-0.08,0.05,0.11,0.14
9.155069828033447,-0.02,0.02,0.1,0.1
9.165207862854004,-0.06,0.11,0.08,0.14
9.174981117248535,-0.05,0.13,0.09,0.16
9.185333013534546,0.07,0.07,0.08,0.12
9.194953918457031,0.12,-0.03,0.07,0.14
9.20482587814331,-0.06,0.01,0.14,0.15
9.214830875396729,-0.1,0.07,0.1,0.15
9.225057125091553,0.05,-0.01,0.08,0.09
9.234863996505737,0.13,-0.09,0.09,0.18
9.244863986968994,-0.26,0.25,0.04,0.36
9.254662036895752,0.04,-0.17,0.19,0.25
9.264137029647827,0.07,-0.08,0.11,0.15
9.27472996711731,-0.18,0.14,0.12,0.25
9.28472089767456,-0.12,-0.03,0.21,0.24
9.294757843017578,0.07,-0.19,0.08,0.21
9.304356098175049,0.09,-0.45,0.02,0.45
9.314378023147583,-0.05,-0.54,0.11,0.55
9.323853015899658,-0.1,-0.27,0.06,0.29
9.333534955978394,-0.11,-0.1,0.03,0.15
9.343132972717285,-0.09,0.02,0.07,0.11
9.353204011917114,0.01,0.07,0.05,0.08
9.363131999969482,0.07,0.14,0.08,0.17
9.373125076293945,0.15,0.21,0.06,0.26
9.383060932159424,0.21,0.31,0.07,0.38
9.394320011138916,0.19,0.41,0.09,0.46
9.404059886932373,0.05,0.34,0.04,0.34
9.413997173309326,-0.07,0.01,0.15,0.16
9.423905849456787,0.01,0.02,0.1,0.1
9.433909893035889,0.01,0.05,0.1,0.11
9.44375991821289,-0.1,0.05,0.17,0.2
9.45371389389038,-0.07,0.08,0.09,0.13
9.463610172271729,-0.03,0.03,0.11,0.11
9.47381591796875,0.0,-0.02,0.1,0.1
9.48365592956543,0.03,-0.05,0.09,0.1
9.49360203742981,0.07,-0.1,0.12,0.17
9.503511905670166,-0.13,0.09,0.13,0.2
9.513372898101807,-0.01,0.04,0.06,0.07
9.523555994033813,0.27,-0.12,-0.02,0.29
9.53352689743042,-0.06,-0.03,0.19,0.2
9.543378829956055,-0.24,0.15,0.15,0.32
9.553618907928467,0.01,0.05,0.06,0.07
9.563209056854248,0.1,-0.09,0.11,0.17
9.573267936706543,-0.01,0.03,0.08,0.08
9.583192825317383,-0.1,0.03,0.11,0.15
9.593080997467041,0.02,-0.04,0.08,0.09
9.603033065795898,-0.02,-0.12,0.12,0.17
9.612967014312744,0.06,-0.1,0.1,0.15
9.623003005981445,0.27,-0.02,0.04,0.27
9.632943153381348,-0.2,-0.02,0.16,0.25
9.642830848693848,-0.26,0.2,0.08,0.33
9.652753829956055,0.1,0.2,0.05,0.22
9.66260814666748,0.04,0.04,0.11,0.12
9.672854900360107,-0.17,0.11,0.11,0.23
9.682809829711914,0.0,0.11,0.08,0.13
9.692621946334839,0.13,-0.06,0.1,0.17
9.702692031860352,-0.03,-0.09,0.1,0.13
9.71247386932373,-0.06,-0.08,0.11,0.14
9.722806930541992,0.11,-0.17,0.08,0.21
9.732560157775879,0.07,-0.22,0.1,0.25
9.742465019226074,-0.01,-0.15,0.1,0.18
9.752482891082764,0.02,-0.14,0.1,0.17
9.762362957000732,0.06,-0.1,0.09,0.14
9.771849155426025,-0.04,0.0,0.1,0.1
9.781507968902588,-0.07,0.09,0.09,0.14
9.791284084320068,-0.04,0.14,0.1,0.17
9.801285982131958,-0.06,0.19,0.09,0.21
9.81117296218872,-0.07,0.2,0.09,0.23
9.820894002914429,-0.04,0.16,0.1,0.19
9.830867052078247,-0.01,0.08,0.1,0.12
9.84111213684082,-0.01,0.0,0.1,0.1
9.850795030593872,0.0,-0.07,0.1,0.12
9.861029148101807,0.03,-0.12,0.11,0.16
9.871026992797852,0.04,-0.13,0.1,0.16
9.881893157958984,0.01,-0.11,0.1,0.14
9.891613960266113,0.01,-0.06,0.1,0.11
9.901880979537964,0.01,-0.02,0.1,0.1
9.911663055419922,-0.01,0.03,0.1,0.1
9.921663045883179,-0.04,0.06,0.1,0.12
9.931440830230713,-0.03,0.09,0.1,0.13
9.941598892211914,-0.02,0.07,0.1,0.12
9.951359033584595,-0.01,0.04,0.08,0.09
9.961735963821411,0.02,-0.01,0.11,0.11
9.97132396697998,-0.03,0.01,0.13,0.13
9.981343030929565,-0.06,0.02,0.12,0.13
9.991359949111938,-0.03,0.0,0.1,0.1
10.001275062561035,0.02,-0.05,0.1,0.11
10.011675834655762,0.01,-0.06,0.11,0.12
10.021100997924805,0.01,-0.02,0.09,0.09
10.031007051467896,-0.02,-0.01,0.11,0.11
10.041064977645874,-0.02,0.0,0.12,0.12
10.051350116729736,-0.03,0.03,0.11,0.11
10.061275005340576,-0.01,0.02,0.09,0.09
10.070963859558105,0.02,-0.02,0.09,0.09
10.08089017868042,0.0,0.0,0.09,0.09
10.090867042541504,0.01,0.01,0.09,0.09
10.100843906402588,0.05,-0.03,0.1,0.11
10.110872030258179,0.04,-0.04,0.11,0.12
10.120681047439575,-0.03,0.0,0.13,0.13
10.130628108978271,-0.06,0.05,0.11,0.13
10.140623092651367,0.0,0.01,0.1,0.1
10.150572061538696,0.01,-0.02,0.12,0.12
10.160879135131836,-0.06,0.04,0.11,0.13
10.170408964157104,-0.05,0.03,0.11,0.12
10.18036699295044,0.02,-0.02,0.11,0.11
10.190384864807129,0.02,-0.03,0.11,0.11
10.200592994689941,0.04,-0.04,0.05,0.07
10.212778091430664,0.26,-0.32,0.21,0.46
10.220405101776123,-0.1,0.06,0.1,0.15
10.230273008346558,-0.11,0.05,0.03,0.12
10.240972995758057,0.13,-0.16,0.13,0.24
10.24966812133789,0.12,-0.04,0.1,0.16
10.25937795639038,-0.03,0.15,0.12,0.19
10.270205020904541,-0.36,0.31,0.11,0.48
10.279296875,-0.32,0.21,0.14,0.4
10.289109945297241,-0.06,0.07,0.1,0.13
