[{"datain":{"T":"(3 (9 . 6) (2 . 9))"},"output":false},{"datain":{"T":"(0 (7 (1 . 8) .) (5 (1 (3 . (1 . (5 . 5))) 8) 5))"},"output":false},{"datain":{"T":"(8 (8 . (4 (5 (3 (0 (5 9 .) .) 4) .) .)) (9 (0 . (9 2 0)) 6))"},"output":false},{"datain":{"T":"(5 7 (6 6 (9 (3 6 4) .)))"},"output":false},{"datain":{"T":"(1 (8 (3 (5 . (5 8 .)) .) (4 . 4)) (7 . (5 (4 . 6) 5)))"},"output":false},{"datain":{"T":"(3 1 (8 (2 . 5) .))"},"output":false},{"datain":{"T":"(8 (0 (3 (5 . (4 . 7)) .) 3) (4 (1 . 6) .))"},"output":false},{"datain":{"T":"(1 (9 . 9) (4 . (1 . (3 . 0))))"},"output":false},{"datain":{"T":"(2 (5 . (1 4 .)) (2 9 .))"},"output":false},{"datain":{"T":"(9 (3 (2 4 (0 4 (0 . (9 5 .)))) .) 7)"},"output":false},{"datain":{"T":"(5 (5 (7 4 0) .) (0 . (7 (5 1 .) .)))"},"output":false},{"datain":{"T":"(9 (1 (0 5 .) (7 . (4 1 8))) (2 (6 . (5 . 9)) .))"},"output":false},{"datain":{"T":"(2 (3 (3 (9 . (9 9 (3 2 6))) .) .) 3)"},"output":false},{"datain":{"T":"(2 (9 (2 0 .) .) (7 8 (9 0 .)))"},"output":false},{"datain":{"T":"(3 (9 (7 (5 (0 . 3) (3 2 .)) .) 4) (3 . (6 (3 . (2 (0 9 (7 . (1 (5 0 .) .))) .)) .)))"},"output":false},{"datain":{"T":"(8 (2 (9 0 (9 (8 . 8) .)) 3) (0 . (2 (8 9 (9 . (4 4 8))) .)))"},"output":false},{"datain":{"T":"(7 (7 (5 (1 . 0) (2 . 5)) .) (8 (4 . (7 . 9)) 7))"},"output":false},{"datain":{"T":"(9 8 (2 (5 . (2 . (6 (3 . (7 . 5)) .))) (5 1 (1 . 8))))"},"output":false},{"datain":{"T":"(4 (8 (6 1 (6 . 7)) (1 (9 1 .) .)) (9 (9 (3 (3 (5 . 4) .) .) .) 1))"},"output":false},{"datain":{"T":"(4 (8 (3 . (7 6 .)) 3) 0)"},"output":false},{"datain":{"T":"(0 (8 (9 (5 6 7) (2 . (7 (2 9 .) 5))) .) (6 . 8))"},"output":false},{"datain":{"T":"(3 (6 (6 . (1 . 1)) (3 . (6 (0 (3 0 4) .) .))) (2 . (7 3 (3 (0 1 .) .))))"},"output":false},{"datain":{"T":"(9 (6 (4 (6 . 3) 8) .) (5 . (2 4 .)))"},"output":false},{"datain":{"T":"(4 (2 . 1) 6)"},"output":false},{"datain":{"T":"(2 (3 (8 (9 . 0) .) (7 6 .)) (4 (5 . (6 7 .)) 3))"},"output":false},{"datain":{"T":"(5 8 (4 . (0 (0 (8 7 .) .) .)))"},"output":false},{"datain":{"T":"(6 (1 . (6 (1 . 8) .)) (8 . (3 . (7 . 3))))"},"output":false},{"datain":{"T":"(5 (8 (7 9 2) (4 . (0 . 7))) (3 (1 8 .) (4 . 8)))"},"output":false},{"datain":{"T":"(3 (7 (2 . 5) .) (4 . (8 1 0)))"},"output":false},{"datain":{"T":"(7 2 (3 2 .))"},"output":false},{"datain":{"T":"(6 (0 8 (9 9 0)) (4 (3 (1 0 .) (6 (1 . (6 8 .)) 1)) .))"},"output":false},{"datain":{"T":"(3 (6 (4 . 7) (2 1 .)) (5 (6 2 .) (4 . (1 8 .))))"},"output":false},{"datain":{"T":"(2 (5 . (4 2 (3 (1 . 5) 7))) (3 (8 . 7) .))"},"output":false},{"datain":{"T":"(2 (4 . (6 (1 (6 . (8 7 .)) (0 (7 . 2) (4 (9 4 .) .))) .)) (5 (2 (8 (2 . (8 . 0)) (5 . (1 . 3))) .) (2 (0 . 0) .)))"},"output":false},{"datain":{"T":"(8 (2 (2 5 8) .) 3)"},"output":false},{"datain":{"T":"(7 (1 . 8) 2)"},"output":false},{"datain":{"T":"(9 (3 (3 6 (1 (0 . 3) (8 9 9))) .) (6 . (9 . (3 . 7))))"},"output":false},{"datain":{"T":"(7 7 (6 (0 . (1 . (7 2 .))) 9))"},"output":false},{"datain":{"T":"(4 (8 (4 . 0) (3 . (3 1 .))) (2 (1 5 (2 (6 . (7 . (0 1 (3 0 5)))) 9)) (3 5 .)))"},"output":false},{"datain":{"T":"(3 (6 7 8) (1 . 7))"},"output":true},{"datain":{"T":"(5 (0 . (7 (2 (2 2 .) 8) .)) (4 (4 1 .) 1))"},"output":false},{"datain":{"T":"(5 (0 (7 0 .) .) (7 (6 . (0 . (8 7 .))) (6 (3 (3 5 .) .) 5)))"},"output":false},{"datain":{"T":"(2 (2 . 8) (6 5 (7 (3 . 6) (6 . 3))))"},"output":false},{"datain":{"T":"(9 (7 (0 2 .) (1 (8 9 .) .)) 4)"},"output":false},{"datain":{"T":"(5 3 (1 (5 . (9 0 .)) (5 (2 (9 (3 6 .) .) .) .)))"},"output":false},{"datain":{"T":"(5 (5 7 (8 9 .)) (7 (9 . (6 (2 7 .) .)) .))"},"output":false},{"datain":{"T":"(1 (6 (8 6 6) (7 . (6 6 .))) 1)"},"output":false},{"datain":{"T":"(7 (5 (2 . (8 . 3)) (3 . (9 (4 8 .) .))) (2 0 1))"},"output":false},{"datain":{"T":"(4 1 7)"},"output":true},{"datain":{"T":"(7 (6 (0 (9 . 2) .) (2 (9 7 .) .)) (3 9 .))"},"output":false}]
