[
 {
  "datain": {
   "T": "(2 (5 7 2 3)(-1 9))"
  },
  "output": {
   "L": [7,2,3]
  },
  "ucase": 0
 },
 {
  "datain": {
   "T": "(2 (5 -7 2 3)(-1 9))"
  },
  "output": {
   "L": [9]
  },
  "ucase": 1
 },
 {
  "datain": {
   "T": "(2 (5 -7 2 3)(-1 -9))"
  },
  "output": {
   "L": [5,-1]
  },
  "ucase": 2
 },
 {
  "datain": {
   "T": "(2 (5 7 2 3)(-1 12))"
  },
  "output": {
   "L": [7,2,3]
  },
  "ucase": 3
 },
 {
  "datain": {
   "T": "(10 1 2 3)"
  },
  "output": {
   "L": [10]
  },
  "ucase": 4
 },
 {
  "datain": {
   "T": "(1 (3 2 2) 1)"
  },
  "output": {
   "L": [2,2]
  },
  "ucase": 5
 },
   {
      "datain": {
         "T": "(45 (0 (22 14) (50 (34 (73 78) 52))) (13 (95 60 69 53 28)) (76 (1 58 (79 6)) (62 84) (54 (11 71))) (89 89 23))"
      },
      "output": {
         "L": [
            60,
            69,
            53,
            28
         ]
      }
   },
   {
      "datain": {
         "T": "(25 (59 (93 (18 75)) (1 18 44 90 30) (98 23 61 8)) (22 80 (15 62 13)) (85 93 (45 89) (47 40) (55 67) 36) (54 (57 55 5) 47 (59 0) 10))"
      },
      "output": {
         "L": [
            93,
            45,
            47,
            55,
            36
         ]
      }
   },
   {
      "datain": {
         "T": "(84 (87 (37 3) 68) (51 97 65) (4 69 3 15) (64 (46 36) 57 (89 58 (49 79))) (34 69 59 (17 78)))"
      },
      "output": {
         "L": [
            87,
            51,
            4,
            64,
            34
         ]
      }
   },
   {
      "datain": {
         "T": "(39 (45 (80 37 56) (71 2 (58 31)) (14 (36 (57 67)) (25 62)) (44 (22 69))) (2 (74 (44 99) 91 (2 66 (47 70))) (20 73) (61 15 42 38)))"
      },
      "output": {
         "L": [
            80,
            71,
            14,
            44
         ]
      }
   },
   {
      "datain": {
         "T": "(44 (42 1) (98 (2 24) (53 92) 24 66) (17 81 77 (99 1)) (39 40) (42 55 19) (49 (47 5) (27 34)) (48 (15 19) (6 35)) (4 26 89 98))"
      },
      "output": {
         "L": [
            42,
            98,
            17,
            39,
            42,
            49,
            48,
            4
         ]
      }
   },
   {
      "datain": {
         "T": "(95 (98 (21 81) (60 52) (59 1) 46) (35 65 40 6) (71 39 (70 19 74 69)) (39 53 (81 35) 43))"
      },
      "output": {
         "L": [
            98,
            35,
            71,
            39
         ]
      }
   },
   {
      "datain": {
         "T": "(32 (8 23 61) (80 (8 (10 30 20) 32)) (4 (85 61) 2) (53 59 28))"
      },
      "output": {
         "L": [
            8,
            80,
            4,
            53
         ]
      }
   },
   {
      "datain": {
         "T": "(62 (18 28) (18 85 49) 67 (11 (22 20) (49 61 55) 49) 16 (55 46 81 50 15) (0 (14 92 43) 5 84) (61 5 12))"
      },
      "output": {
         "L": [
            18,
            18,
            67,
            11,
            16,
            55,
            0,
            61
         ]
      }
   },
   {
      "datain": {
         "T": "(29 74 (54 16 97) (2 43 5 (99 1)) (83 12 56 (25 28)) (48 5 12 57) (11 57) 0 (4 42))"
      },
      "output": {
         "L": [
            74,
            54,
            2,
            83,
            48,
            11,
            0,
            4
         ]
      }
   },
   {
      "datain": {
         "T": "(57 (14 8 11 94 (77 5)) (36 50 33) (53 (69 56) 73 49) (75 (95 59) (50 52) (54 85) (34 62 10)))"
      },
      "output": {
         "L": [
            95,
            50,
            54,
            34
         ]
      }
   },
   {
      "datain": {
         "T": "(65 (86 63 69 51) (80 64) 85 (48 (42 55 35) 57 (10 56) (65 17)) (18 42 15))"
      },
      "output": {
         "L": [
            86,
            80,
            85,
            48,
            18
         ]
      }
   },
   {
      "datain": {
         "T": "(38 (39 (62 75)) (2 (31 (91 67)) 6 (71 27 67 55)) 32 (90 2 14 89) (56 50 56 33 75))"
      },
      "output": {
         "L": [
            39,
            2,
            32,
            90,
            56
         ]
      }
   },
   {
      "datain": {
         "T": "(27 (57 (14 (6 85) (90 21) (42 23))) (13 (28 (3 13 11) (21 23))) (45 (51 41 77) (76 61 (64 83) (65 (0 33)) 83 93)))"
      },
      "output": {
         "L": [
            61,
            64,
            65,
            83,
            93
         ]
      }
   },
   {
      "datain": {
         "T": "(51 (3 (29 (52 (98 69) 66 (29 96))) (11 (66 70) 56) (6 35) (78 96 84) (86 32 16 23 13 4)))"
      },
      "output": {
         "L": [
            29,
            11,
            6,
            78,
            86
         ]
      }
   },
   {
      "datain": {
         "T": "(8 (36 (48 (85 (66 24) 39 30 77) (80 (65 68 (80 70) 12) (30 72))) (75 (7 (96 25 90 (8 80) 40)) (20 (51 35)))))"
      },
      "output": {
         "L": [
            66,
            39,
            30,
            77
         ]
      }
   },
   {
      "datain": {
         "T": "(76 (34 (67 (84 59)) 97 (8 19 73 88) 83 (73 28) (8 (71 (80 51 94 91))) (29 (42 94 68))) (35 (49 (26 (55 67)) (15 56) (25 9 89) (43 (20 44) 70) 55 22)))"
      },
      "output": {
         "L": [
            67,
            97,
            8,
            83,
            73,
            8,
            29
         ]
      }
   },
   {
      "datain": {
         "T": "(39 (3 39 53 5 8 39) (1 (54 (62 68)) (3 74 36) (38 52) 61) (36 86 73 78 36 84 38))"
      },
      "output": {
         "L": [
            86,
            73,
            78,
            36,
            84,
            38
         ]
      }
   },
   {
      "datain": {
         "T": "(47 (6 (84 16 84)) (94 51 (55 (68 93) (35 9)) (58 62 94) 9) (87 (74 16)) (72 87 (53 11 48) 3 (33 (99 20)) (52 (29 38))) (49 (23 62) 55 (71 50 64) 12))"
      },
      "output": {
         "L": [
            6,
            94,
            87,
            72,
            49
         ]
      }
   },
   {
      "datain": {
         "T": "(51 (51 45 (28 82) 83) (18 53) (80 (31 52)) (14 (71 42) 36) (40 20 69 (9 11)) (12 28))"
      },
      "output": {
         "L": [
            51,
            18,
            80,
            14,
            40,
            12
         ]
      }
   },
   {
      "datain": {
         "T": "(55 67 96 (35 32) 96 (26 12) (91 13 29) (52 (99 60) (1 86)) (54 (30 13) 96))"
      },
      "output": {
         "L": [
            67,
            96,
            35,
            96,
            26,
            91,
            52,
            54
         ]
      }
   },
   {
      "datain": {
         "T": "(34 95 (28 66 88 43 (59 30)) (36 (80 1 36)) (20 55 86) (45 25) (68 75 9) (68 12))"
      },
      "output": {
         "L": [
            95,
            28,
            36,
            20,
            45,
            68,
            68
         ]
      }
   },
   {
      "datain": {
         "T": "(15 (68 (79 (98 28 5)) 14) (26 3 24 25) (82 (12 77) 69 60))"
      },
      "output": {
         "L": [
            68,
            26,
            82
         ]
      }
   },
   {
      "datain": {
         "T": "(38 (73 (80 28) (22 (61 (59 16) 70)) (23 (31 96))) (0 (72 (36 94 58 61)) 55 86 (32 83) (30 68 51) (88 55) (86 (90 21))))"
      },
      "output": {
         "L": [
            72,
            55,
            86,
            32,
            30,
            88,
            86
         ]
      }
   },
   {
      "datain": {
         "T": "(16 (0 (43 63) 45) (52 (43 30 67)) (32 (74 (68 3 (58 62)) 65 17)) (15 (9 18) 95 (31 7)) (9 70 (65 73) (44 99 (37 72) 52) (44 (44 (15 (11 59)))) 80))"
      },
      "output": {
         "L": [
            70,
            65,
            44,
            44,
            80
         ]
      }
   },
   {
      "datain": {
         "T": "(75 (49 (24 (48 (25 52)) (51 31) 59 22 (73 22))) (43 (63 (88 53 83) (75 77) 54) (22 (2 19) (8 (54 39)))) (65 31 (29 1 58 51) 87 (86 16)) (67 99 93 45))"
      },
      "output": {
         "L": [
            48,
            51,
            59,
            22,
            73
         ]
      }
   },
   {
      "datain": {
         "T": "(12 (24 (4 78) (79 46)) (43 (61 (65 90) (11 93))) (98 97 (32 7) 15) (9 48) (78 73 (23 54) 60) (10 (46 68) (63 25) 53))"
      },
      "output": {
         "L": [
            24,
            43,
            98,
            9,
            78,
            10
         ]
      }
   },
   {
      "datain": {
         "T": "(44 (29 65 (22 40)) (83 (66 71 62 70 89)) (37 57 52 (41 (8 75 16))))"
      },
      "output": {
         "L": [
            71,
            62,
            70,
            89
         ]
      }
   },
   {
      "datain": {
         "T": "(44 (88 (11 62) 9) (6 (91 10)) (0 (97 28)) (28 99 49) 96 (72 66 45 (84 4)) (89 11))"
      },
      "output": {
         "L": [
            88,
            6,
            0,
            28,
            96,
            72,
            89
         ]
      }
   },
   {
      "datain": {
         "T": "(51 (7 (74 71 9) 73 (99 14 12) (48 24)) (79 (50 75 88) (17 95)))"
      },
      "output": {
         "L": [
            74,
            73,
            99,
            48
         ]
      }
   },
   {
      "datain": {
         "T": "(29 (62 (9 59)) (83 64 (1 74 11)) (98 88 21 36) (45 71 (3 5) 81 (38 53) (62 12)))"
      },
      "output": {
         "L": [
            62,
            83,
            98,
            45
         ]
      }
   },
   {
      "datain": {
         "T": "(63 (39 (14 51) 3) (45 47 (40 67) (60 79)) (31 44) (51 (44 (86 35)) 13) (52 (40 60 25) 74) (31 69) (83 (61 68 51)))"
      },
      "output": {
         "L": [
            39,
            45,
            31,
            51,
            52,
            31,
            83
         ]
      }
   },
   {
      "datain": {
         "T": "(74 (4 (21 (6 69) (20 94) (72 90) 91 31) (61 (30 87) 66 70 6 68 29) (39 (14 5) (67 (67 65)) (49 11)) (28 (16 75 7) 85 (91 17) (6 27) 30) 70))"
      },
      "output": {
         "L": [
            30,
            66,
            70,
            6,
            68,
            29
         ]
      }
   },
   {
      "datain": {
         "T": "(98 (55 (34 87 85 8 16 86) (99 95 (19 (75 30)) (55 82) 82 (19 45 70)) (29 8 37) (12 28 25 51 35 94 58) (67 (35 73) (74 39)) (9 36 (62 27))))"
      },
      "output": {
         "L": [
            28,
            25,
            51,
            35,
            94,
            58
         ]
      }
   },
   {
      "datain": {
         "T": "(74 (44 (5 42 80 (76 86)) (98 (33 18) 69 40)) (77 15 (48 60) (77 96) (77 62) (57 79 22) (4 (68 55)) (36 41 60)))"
      },
      "output": {
         "L": [
            15,
            48,
            77,
            77,
            57,
            4,
            36
         ]
      }
   },
   {
      "datain": {
         "T": "(99 (31 (83 (55 20)) (54 57 92 7) (4 96 (0 5 31)) (77 (69 54)) (32 74 75) (1 44) (75 18 (99 29)) (13 22 58 59)))"
      },
      "output": {
         "L": [
            83,
            54,
            4,
            77,
            32,
            1,
            75,
            13
         ]
      }
   },
   {
      "datain": {
         "T": "(8 (24 (47 10)) (13 (6 (14 5)) 9) 30 (22 (60 79)) (38 52 10 83))"
      },
      "output": {
         "L": [
            52,
            10,
            83
         ]
      }
   },
   {
      "datain": {
         "T": "(2 (7 (92 11 66 30 48 30) (25 5 47 (49 24) (97 4)) (0 (42 34 76 0) (27 (29 (78 (52 9)))))))"
      },
      "output": {
         "L": [
            5,
            47,
            49,
            97
         ]
      }
   },
   {
      "datain": {
         "T": "(1 (57 (27 50) (28 (97 87)) 67 37 93) (88 34 (80 64) 54 86 99) (65 54 54) (46 (13 99 (41 94 51) 33 48 9)) (55 (93 90) (5 (9 91))))"
      },
      "output": {
         "L": [
            34,
            80,
            54,
            86,
            99
         ]
      }
   },
   {
      "datain": {
         "T": "(57 (9 (29 (18 (29 96) 5)) (45 57) 29) (42 (66 73) (77 81 (1 60)) (71 (18 67) 98) 8 19) (26 (57 (28 97) 86 76 87) 32 0 69 29 68))"
      },
      "output": {
         "L": [
            28,
            86,
            76,
            87
         ]
      }
   },
   {
      "datain": {
         "T": "(72 (53 24) (36 47 44 4) (36 (98 92) 24 83) (45 61 52) 13 (83 (22 37) 87 34))"
      },
      "output": {
         "L": [
            53,
            36,
            36,
            45,
            13,
            83
         ]
      }
   },
   {
      "datain": {
         "T": "(67 (67 9 (13 45 80) (69 81) 66) (43 11 95 (27 69)) (61 (5 38) (41 56 89 88) 29 (58 35) (54 57)) (71 (34 31) (59 15 (29 72))) (65 (57 38 (41 4) 85)))"
      },
      "output": {
         "L": [
            67,
            43,
            61,
            71,
            65
         ]
      }
   },
   {
      "datain": {
         "T": "(14 (73 (28 62 48) 80 31) (85 (5 27 (28 43) 10) 85 (77 34 45)) (56 (64 74 31 13) (43 69 45)) (52 (94 64) (35 64) (90 1)))"
      },
      "output": {
         "L": [
            73,
            85,
            56,
            52
         ]
      }
   },
   {
      "datain": {
         "T": "(40 (20 (14 73 70 (58 74))) (28 4 29 (89 5)) 28 (87 94 (32 74) 49))"
      },
      "output": {
         "L": [
            73,
            70,
            58
         ]
      }
   },
   {
      "datain": {
         "T": "(93 (40 (59 96) (70 (52 6 46)) (66 14 (97 35)) (92 99 8 (44 89 94)) 11 (6 (51 80))) (63 38 (22 34) (20 67) (52 62 95) (98 34) (76 (72 1)) (39 51)))"
      },
      "output": {
         "L": [
            38,
            22,
            20,
            52,
            98,
            76,
            39
         ]
      }
   },
   {
      "datain": {
         "T": "(98 (13 (20 71) (44 62 53) (66 (96 79) (16 85) 37 58 (35 50) 22) (18 58 77) (29 (64 37 (4 86)) 61 (57 70)) (5 86 69 40) (96 (78 13 9))))"
      },
      "output": {
         "L": [
            20,
            44,
            66,
            18,
            29,
            5,
            96
         ]
      }
   },
   {
      "datain": {
         "T": "(38 (33 (21 18)) (19 15 50) (11 38 (4 72)) (77 (51 35)) (37 82 (82 7 59)))"
      },
      "output": {
         "L": [
            33,
            19,
            11,
            77,
            37
         ]
      }
   },
   {
      "datain": {
         "T": "(94 (41 88 54 11) (49 51 52) (49 78 (92 (21 65))) (70 (84 3)) (24 (96 43) (18 48 7)))"
      },
      "output": {
         "L": [
            41,
            49,
            49,
            70,
            24
         ]
      }
   },
   {
      "datain": {
         "T": "(66 (69 (84 19) 51) (30 65) (98 89) (8 53 (35 12)) (91 (89 36)) 17 90 (90 81 76 (76 73)))"
      },
      "output": {
         "L": [
            69,
            30,
            98,
            8,
            91,
            17,
            90,
            90
         ]
      }
   },
   {
      "datain": {
         "T": "(75 (98 (16 17 (24 (20 99) 85) (65 (29 45) (34 10)) 17 (70 (19 (64 0 73 47))) (41 (16 54) (14 15) 88) (49 (76 29) 84 (70 28 (14 8))))))"
      },
      "output": {
         "L": [
            17,
            24,
            65,
            17,
            70,
            41,
            49
         ]
      }
   },
   {
      "datain": {
         "T": "(0 (64 53 56 54) 78 (60 (10 26 (70 26) (36 73) 18)) (8 29 (77 63)) (20 (42 68) 20) (1 16 63))"
      },
      "output": {
         "L": [
            64,
            78,
            60,
            8,
            20,
            1
         ]
      }
   }
]
