[
    {
  "datain": {
   "m": 1,
   "L": [1,2,-5,4,-3,2]
  },
  "output": {
   "ret": 4
  },
  "ucase": 0
 },
{
  "datain": {
   "m": 2,
   "L": [1,2,-5,4,-3,2]
  },
  "output": {
   "ret": 3
  },
  "ucase": 1
 },
 {
  "datain": {
   "m": 3,
   "L": [1,2,-5,4,-3,2]
  },
  "output": {
   "ret": 3
  },
  "ucase": 2
 },
 {
  "datain": {
   "m": 4,
   "L": [1,2,-5,4,-3,2]
  },
  "output": {
   "ret": 2
  },
  "ucase": 3
 },
{
  "datain": {
   "m": 5,
   "L": [1,2,-5,4,-3,2]
  },
  "output": {
   "ret": 0
  },
  "ucase": 4
 },
 {
  "datain": {
   "m": 6,
   "L": [1,2,-5,4,-3,2]
  },
  "output": {
   "ret": 1
  },
  "ucase": 5
 }, 
 {
      "datain": {
         "L": [
            9,
            3,
            9,
            16,
            14
         ],
         "m": 2
      },
      "output": {
         "ret": 30
      }
   },
   {
      "datain": {
         "L": [
            -18,
            -16,
            -19
         ],
         "m": 2
      },
      "output": {
         "ret": -34
      }
   },
   {
      "datain": {
         "L": [
            -2,
            13,
            15,
            -12,
            13,
            9,
            -20,
            0,
            -10,
            14,
            -8
         ],
         "m": 7
      },
      "output": {
         "ret": 18
      }
   },
   {
      "datain": {
         "L": [
            2,
            -6,
            -9,
            5,
            14
         ],
         "m": 3
      },
      "output": {
         "ret": 10
      }
   },
   {
      "datain": {
         "L": [
            0,
            -13
         ],
         "m": 1
      },
      "output": {
         "ret": 0
      }
   },
   {
      "datain": {
         "L": [
            15,
            5,
            -4,
            15,
            -13,
            -13,
            0,
            -15,
            9
         ],
         "m": 6
      },
      "output": {
         "ret": 5
      }
   },
   {
      "datain": {
         "L": [
            -5,
            13,
            -18,
            -20,
            19
         ],
         "m": 3
      },
      "output": {
         "ret": -10
      }
   },
   {
      "datain": {
         "L": [
            -19,
            -17,
            -19,
            -10,
            10,
            4,
            -2,
            13,
            18,
            15
         ],
         "m": 9
      },
      "output": {
         "ret": 12
      }
   },
   {
      "datain": {
         "L": [
            14,
            17
         ],
         "m": 1
      },
      "output": {
         "ret": 17
      }
   },
   {
      "datain": {
         "L": [
            -11,
            4,
            -11,
            9,
            -1,
            -2,
            17,
            -14,
            -4,
            -16
         ],
         "m": 1
      },
      "output": {
         "ret": 17
      }
   },
   {
      "datain": {
         "L": [
            -11,
            -9,
            -15,
            -3,
            -13,
            8,
            -3
         ],
         "m": 6
      },
      "output": {
         "ret": -35
      }
   },
   {
      "datain": {
         "L": [
            19,
            -18,
            1,
            -2,
            2
         ],
         "m": 1
      },
      "output": {
         "ret": 19
      }
   },
   {
      "datain": {
         "L": [
            -7,
            14,
            -18,
            7,
            10,
            -14,
            -9
         ],
         "m": 5
      },
      "output": {
         "ret": 6
      }
   },
   {
      "datain": {
         "L": [
            -15,
            4,
            -18,
            9,
            14,
            -15
         ],
         "m": 5
      },
      "output": {
         "ret": -6
      }
   },
   {
      "datain": {
         "L": [
            -3,
            7,
            -9,
            -2
         ],
         "m": 3
      },
      "output": {
         "ret": -4
      }
   },
   {
      "datain": {
         "L": [
            0,
            16,
            -3
         ],
         "m": 1
      },
      "output": {
         "ret": 16
      }
   },
   {
      "datain": {
         "L": [
            4,
            -2,
            9,
            6,
            -12,
            -14
         ],
         "m": 5
      },
      "output": {
         "ret": 5
      }
   },
   {
      "datain": {
         "L": [
            19,
            9,
            -13,
            14,
            -13,
            -15,
            -18
         ],
         "m": 2
      },
      "output": {
         "ret": 28
      }
   },
   {
      "datain": {
         "L": [
            19,
            -20,
            -3,
            -1,
            -19,
            17,
            -19,
            -2,
            -14,
            4,
            -7
         ],
         "m": 6
      },
      "output": {
         "ret": -7
      }
   },
   {
      "datain": {
         "L": [
            4,
            2,
            -19,
            -6
         ],
         "m": 2
      },
      "output": {
         "ret": 6
      }
   },
   {
      "datain": {
         "L": [
            -17,
            -19,
            -5,
            -7,
            11,
            -10,
            -11
         ],
         "m": 6
      },
      "output": {
         "ret": -41
      }
   },
   {
      "datain": {
         "L": [
            -1,
            15,
            6,
            -20,
            5,
            18
         ],
         "m": 5
      },
      "output": {
         "ret": 24
      }
   },
   {
      "datain": {
         "L": [
            -19,
            -20,
            12,
            1,
            1,
            2,
            -8,
            -7
         ],
         "m": 4
      },
      "output": {
         "ret": 16
      }
   },
   {
      "datain": {
         "L": [
            -16,
            2,
            5,
            -19,
            -20,
            -12,
            -8,
            10,
            -20,
            10
         ],
         "m": 3
      },
      "output": {
         "ret": 0
      }
   },
   {
      "datain": {
         "L": [
            -17,
            14,
            2,
            -19,
            12,
            5,
            0,
            4,
            5,
            -6
         ],
         "m": 6
      },
      "output": {
         "ret": 20
      }
   },
   {
      "datain": {
         "L": [
            15,
            15,
            -10,
            -19,
            -14
         ],
         "m": 1
      },
      "output": {
         "ret": 15
      }
   },
   {
      "datain": {
         "L": [
            -11,
            -11,
            -5,
            -19,
            -18,
            -20,
            -13,
            18
         ],
         "m": 4
      },
      "output": {
         "ret": -33
      }
   },
   {
      "datain": {
         "L": [
            18,
            -12,
            -16,
            9,
            -16,
            2,
            0,
            -9,
            17,
            -12,
            -3
         ],
         "m": 6
      },
      "output": {
         "ret": 3
      }
   },
   {
      "datain": {
         "L": [
            -17,
            -15,
            -12,
            -4
         ],
         "m": 1
      },
      "output": {
         "ret": -4
      }
   },
   {
      "datain": {
         "L": [
            19,
            1,
            5,
            -17
         ],
         "m": 2
      },
      "output": {
         "ret": 20
      }
   },
   {
      "datain": {
         "L": [
            16,
            14,
            10,
            -3,
            -5,
            -6
         ],
         "m": 3
      },
      "output": {
         "ret": 40
      }
   },
   {
      "datain": {
         "L": [
            14,
            -15
         ],
         "m": 1
      },
      "output": {
         "ret": 14
      }
   },
   {
      "datain": {
         "L": [
            -5,
            19
         ],
         "m": 1
      },
      "output": {
         "ret": 19
      }
   },
   {
      "datain": {
         "L": [
            -7,
            9,
            -4,
            16,
            13
         ],
         "m": 2
      },
      "output": {
         "ret": 29
      }
   },
   {
      "datain": {
         "L": [
            -3,
            -15
         ],
         "m": 1
      },
      "output": {
         "ret": -3
      }
   },
   {
      "datain": {
         "L": [
            8,
            -20,
            -15,
            18,
            15,
            -18
         ],
         "m": 2
      },
      "output": {
         "ret": 33
      }
   },
   {
      "datain": {
         "L": [
            17,
            -10,
            16,
            17,
            -18,
            15,
            -5,
            -15,
            -20,
            4
         ],
         "m": 6
      },
      "output": {
         "ret": 37
      }
   },
   {
      "datain": {
         "L": [
            -11,
            -17,
            -7,
            18,
            -4,
            -5,
            13,
            -4
         ],
         "m": 5
      },
      "output": {
         "ret": 18
      }
   },
   {
      "datain": {
         "L": [
            -11,
            -6
         ],
         "m": 1
      },
      "output": {
         "ret": -6
      }
   },
   {
      "datain": {
         "L": [
            -18,
            -9,
            15,
            -13
         ],
         "m": 3
      },
      "output": {
         "ret": -7
      }
   },
   {
      "datain": {
         "L": [
            -9,
            -9,
            -13,
            -1,
            2,
            15,
            9,
            7,
            -15
         ],
         "m": 7
      },
      "output": {
         "ret": 10
      }
   },
   {
      "datain": {
         "L": [
            3,
            -15,
            0,
            13,
            4,
            -17,
            -19,
            11
         ],
         "m": 6
      },
      "output": {
         "ret": -8
      }
   },
   {
      "datain": {
         "L": [
            -7,
            8,
            -19,
            -17,
            -17,
            -9,
            -7,
            17,
            14
         ],
         "m": 2
      },
      "output": {
         "ret": 31
      }
   },
   {
      "datain": {
         "L": [
            -10,
            -19,
            6,
            -15
         ],
         "m": 3
      },
      "output": {
         "ret": -23
      }
   },
   {
      "datain": {
         "L": [
            3,
            6,
            -16,
            13,
            3,
            16,
            12,
            -2,
            -16,
            -4,
            -14
         ],
         "m": 2
      },
      "output": {
         "ret": 28
      }
   },
   {
      "datain": {
         "L": [
            -4,
            6,
            -10,
            9,
            12,
            -11,
            -4
         ],
         "m": 4
      },
      "output": {
         "ret": 17
      }
   },
   {
      "datain": {
         "L": [
            -11,
            3,
            -12,
            16,
            15,
            -20,
            -9,
            -5
         ],
         "m": 2
      },
      "output": {
         "ret": 31
      }
   },
   {
      "datain": {
         "L": [
            -20,
            8,
            -20,
            10,
            5,
            8,
            -20,
            10,
            -8
         ],
         "m": 1
      },
      "output": {
         "ret": 10
      }
   },
   {
      "datain": {
         "L": [
            -20,
            -10,
            -12,
            -15,
            -3,
            10,
            -1
         ],
         "m": 1
      },
      "output": {
         "ret": 10
      }
   },
   {
      "datain": {
         "L": [
            -11,
            -4,
            15,
            9,
            -18,
            -5,
            3,
            -10
         ],
         "m": 5
      },
      "output": {
         "ret": 4
      }
   }
]
