[
    {
  "datain": {
   "T": "(50 (25 7 4) 35 20)"
  },
  "output": {
   "T": "(50 (25 4) 20)"
  },
  "ucase": 0
 },
 {
  "datain": {
   "T": "(50 25 (35 7 4) 20)"
  },
  "output": {
   "T": "(50 (35 4) 20)"
  },
  "ucase": 1
 },
   {
      "datain": {
         "T": "(5 1 3)"
      },
      "output": {
         "T": "(5 1)"
      }
   },
   {
      "datain": {
         "T": "(0 (2 3 1 3 (5 (1 (4 (3 5 (7 (1 2) 3)))) 6 1)))"
      },
      "output": {
         "T": "(0 (2 1 3 (5 (1 (4 (3 (7 1)))) 1)))"
      }
   },
   {
      "datain": {
         "T": "(6 5)"
      },
      "output": {
         "T": "6"
      }
   },
   {
      "datain": {
         "T": "(3 (4 (3 5)))"
      },
      "output": {
         "T": "(3 (4 3))"
      }
   },
   {
      "datain": {
         "T": "(3 (1 (1 4)))"
      },
      "output": {
         "T": "(3 (1 1))"
      }
   },
   {
      "datain": {
         "T": "4"
      },
      "output": {
         "T": "4"
      }
   },
   {
      "datain": {
         "T": "(5 5)"
      },
      "output": {
         "T": "5"
      }
   },
   {
      "datain": {
         "T": "(2 (5 3) 4)"
      },
      "output": {
         "T": "(2 5)"
      }
   },
   {
      "datain": {
         "T": "(1 4)"
      },
      "output": {
         "T": "1"
      }
   },
   {
      "datain": {
         "T": "4"
      },
      "output": {
         "T": "4"
      }
   },
   {
      "datain": {
         "T": "0"
      },
      "output": {
         "T": "0"
      }
   },
   {
      "datain": {
         "T": "2"
      },
      "output": {
         "T": "2"
      }
   },
   {
      "datain": {
         "T": "1"
      },
      "output": {
         "T": "1"
      }
   },
   {
      "datain": {
         "T": "(48 (14 6) (22 (17 13) 12) (16 8) (24 6 15) (41 (26 15 11) (23 16)) (23 (18 11 8 5)) (33 (14 7)) (30 12))"
      },
      "output": {
         "T": "(48 14 (22 17) 16 (24 6) (41 (26 11) 23) (23 (18 8 5)) (33 14) 30)"
      }
   },
   {
      "datain": {
         "T": "(58 (50 (29 10 (20 5)) (38 7 (23 12)) 8) (33 3 14 (24 13)) (45 (25 9) (26 12) (33 12 16)) (41 (28 11 18 10) (26 (16 5) 8)) (47 (38 8 (31 17))))"
      },
      "output": {
         "T": "(58 (50 (29 20) (38 23)) (33 3 24) (45 25 26 (33 12)) (41 (28 11 10) (26 16)) (47 (38 31)))"
      }
   },
   {
      "datain": {
         "T": "(59 (19 (13 4) 8 12 7) (23 12 (15 12)) (52 (42 (25 11))) (32 15 12 (18 10)) 14 (26 14 9 10))"
      },
      "output": {
         "T": "(59 (19 13 8 7) (23 15) (52 (42 25)) (32 12 18) (26 9 10))"
      }
   },
   {
      "datain": {
         "T": "(40 (12 4) (20 (13 5)) (22 (16 13 4)) (37 (25 (17 8) 2)) (18 4) (33 19) (10 5))"
      },
      "output": {
         "T": "(40 12 (20 13) (22 (16 4)) (37 (25 17)) 18 33 10)"
      }
   },
   {
      "datain": {
         "T": "(70 (30 (18 13) (14 5) (22 12) 4) (38 (26 7) 6) (34 (31 10 18 (22 12))) (41 (28 12)) (54 6 2 (16 11) (28 15) (39 (25 14))))"
      },
      "output": {
         "T": "(70 (30 18 14 22) (38 26) (34 (31 10 22)) (41 28) (54 2 16 28 (39 25)))"
      }
   },
   {
      "datain": {
         "T": "(56 4 (42 (28 8 10 12) (4 2)) 13 (38 (20 8) (29 18)) (30 (21 16) 10 10 1) (19 10) (13 4))"
      },
      "output": {
         "T": "(56 4 (42 (28 8 10) 4) (38 20 29) (30 21 10 1) 19 13)"
      }
   },
   {
      "datain": {
         "T": "(43 (39 13 2 (24 15) 16 11) (27 11) (38 (23 7 12) (16 12) 3) (32 (22 13 13 2) (7 4)) (29 (20 16) (13 2 6 9)))"
      },
      "output": {
         "T": "(43 (39 13 2 24 11) 27 (38 (23 7) 16) (32 (22 13 2) 7) (29 20 (13 2 6)))"
      }
   },
   {
      "datain": {
         "T": "(59 (36 (8 6) (25 5 17) 17) (50 13 14 15 (24 13) (31 16)) (42 (30 16) (16 9) (16 9)) (33 (15 4) 14 9 13 11 11 (17 14)))"
      },
      "output": {
         "T": "(59 (36 8 (25 5)) (50 13 14 24 31) (42 30 16 16) (33 15 9 13 11 11 17))"
      }
   },
   {
      "datain": {
         "T": "(65 (56 (39 11 (30 14) 12 4 14 (22 9)) (44 (39 13 5 (29 15) (16 7))) (48 (17 8) (20 (16 5)) (43 (27 19) 9))))"
      },
      "output": {
         "T": "(65 (56 (39 11 30 12 4 22) (44 (39 5 29 16)) (48 17 (20 16) (43 27))))"
      }
   },
   {
      "datain": {
         "T": "(45 13 (31 8 (19 3)) (13 4) 11 (36 (27 (19 8) 13)) (23 15) (24 14 9 2) 14)"
      },
      "output": {
         "T": "(45 13 (31 19) 13 11 (36 (27 19)) 23 (24 9 2))"
      }
   },
   {
      "datain": {
         "T": "(47 12 (30 9 15) 13 (14 11 10 9) (19 12 7 7 15 14) (34 (29 2 18)))"
      },
      "output": {
         "T": "(47 12 (30 9) (14 10 9) (19 12 7 7 14) (34 (29 2)))"
      }
   },
   {
      "datain": {
         "T": "(63 (58 (43 (19 5) (22 12) (32 (23 18)) (28 17 3) (19 8 10 2) (26 5 12))))"
      },
      "output": {
         "T": "(63 (58 (43 19 22 (32 23) (28 3) (19 8 2) (26 5))))"
      }
   },
   {
      "datain": {
         "T": "(79 (68 (61 (51 (38 (26 13) 7 13) 14 8 11 5) (36 3 3 (24 17)) (18 8 9 7) (30 13 9 12 16) (36 (27 5 (17 7 8))) (33 (21 16 9) (21 11)))))"
      },
      "output": {
         "T": "(79 (68 (61 (51 (38 26 7) 8 11 5) (36 3 24) (18 8 7) (30 13 9 12) (36 (27 (17 7))) (33 (21 9) 21))))"
      }
   },
   {
      "datain": {
         "T": "(57 (37 (13 7) 15 (28 11 14) (22 10) 10) (47 (36 11 7 11 (19 7)) (24 (12 4) 14)) (41 15 (14 10) (27 17) (32 14)))"
      },
      "output": {
         "T": "(57 (37 13 (28 11) 22 10) (47 (36 7 11 19) (24 12)) (41 14 27 32))"
      }
   },
   {
      "datain": {
         "T": "(45 (27 19 7) (22 8 (6 3) 12) (26 (24 11 9)) (18 11 4 3) (29 (22 13) 8) (33 14 8 2) 5 11)"
      },
      "output": {
         "T": "(45 (27 7) (22 8 6) (26 (24 9)) (18 4 3) (29 22) (33 8 2) 5)"
      }
   },
   {
      "datain": {
         "T": "(83 (32 7 (25 15) 9) (13 6) (74 (57 (30 (12 10 8) 14) (46 (31 15)))) (28 4 15) 8 (23 13) (20 10 8 11 10))"
      },
      "output": {
         "T": "(83 (32 7 25) 13 (74 (57 (30 (12 8)) (46 31))) (28 4) 23 (20 10 8 10))"
      }
   },
   {
      "datain": {
         "T": "(50 10 (37 (19 7)) 8 (21 13 12 10) (26 16 10) (30 12) 14)"
      },
      "output": {
         "T": "(50 10 (37 19) 8 (21 12 10) (26 10) 30)"
      }
   },
   {
      "datain": {
         "T": "(73 (54 (26 14) 5 7 (17 8 11) (42 (33 16 12)) (17 8)) (50 (14 12 10 13) (15 (8 5)) (35 (22 16) 12) (35 (21 16)) 9 (30 13 (15 1) 9) 3))"
      },
      "output": {
         "T": "(73 (54 26 5 (17 8) (42 (33 12)) 17) (50 (14 12 10) (15 8) (35 22) (35 21) (30 15 9) 3))"
      }
   },
   {
      "datain": {
         "T": "(51 (24 (18 8 6)) (23 8) (39 9 (18 8) (26 11 11)) (24 10 2 4))"
      },
      "output": {
         "T": "(51 (24 (18 6)) 23 (39 18 (26 11)) (24 2 4))"
      }
   },
   {
      "datain": {
         "T": "(76 (69 (53 (29 15) (35 10 17 11 2))) (16 14 9 1) (55 (42 (25 14)) 18 13 15) (38 (26 16) (20 14 7) 9 (26 13)))"
      },
      "output": {
         "T": "(76 (69 (53 29 (35 10 11 2))) (16 9 1) (55 (42 25) 13 15) (38 26 (20 7) 26))"
      }
   },
   {
      "datain": {
         "T": "(63 (49 (36 (33 (22 8)))) (54 (22 12) (38 11 (24 17) 16) (20 11)) (42 (36 8 (28 12)) (32 (22 10) (26 10) 3)))"
      },
      "output": {
         "T": "(63 (49 (36 (33 22))) (54 22 (38 11 24) 20) (42 (36 28) (32 22 26)))"
      }
   },
   {
      "datain": {
         "T": "(42 (30 9 (22 9)) (35 7 (22 8)) (17 4 12) (23 17 15) (24 11 9) (22 13 15) (22 (17 10)))"
      },
      "output": {
         "T": "(42 (30 22) (35 22) (17 4) (23 15) (24 9) (22 13) (22 17))"
      }
   },
   {
      "datain": {
         "T": "(52 (17 8 1 10) (30 (19 7) 10) (41 (27 15 9)) (9 6) (17 9) (26 16 13) (26 (22 10)))"
      },
      "output": {
         "T": "(52 (17 8 1) (30 19) (41 (27 9)) 9 17 (26 13) (26 22))"
      }
   },
   {
      "datain": {
         "T": "(44 (23 9) (32 8 17) (24 13 10 11) (23 5 11) 7 11 (30 (19 5)))"
      },
      "output": {
         "T": "(44 23 (32 8) (24 10 11) (23 5) 7 (30 19))"
      }
   },
   {
      "datain": {
         "T": "(56 (47 (23 5 7) (20 11) (37 14 (27 13)) (15 10 3) (32 (19 10)) (18 15) (23 11 (15 5 12))))"
      },
      "output": {
         "T": "(56 (47 (23 5) 20 (37 27) (15 3) (32 19) 18 (23 (15 5))))"
      }
   },
   {
      "datain": {
         "T": "(61 (21 12 9) (28 11 14) (46 8 (30 (25 9) 10) 10) (36 (30 14 (20 10) 10 14 9)) (28 2 13) (28 4 (11 3)))"
      },
      "output": {
         "T": "(61 (21 9) (28 11) (46 8 (30 25)) (36 (30 20 10 14 9)) (28 2) (28 11))"
      }
   },
   {
      "datain": {
         "T": "(55 (46 4 12 (33 (19 11)) 8) (32 7 (17 8 8)) (36 (17 11) 8))"
      },
      "output": {
         "T": "(55 (46 4 (33 19) 8) (32 (17 8)) (36 17))"
      }
   },
   {
      "datain": {
         "T": "(57 (28 9 2 14 8) (31 10 (23 12) 16 5) 3 (27 14) 13 8 (54 (38 (29 16))) (18 8))"
      },
      "output": {
         "T": "(57 (28 9 2 8) (31 10 23 5) 3 27 8 (54 (38 29)) 18)"
      }
   },
   {
      "datain": {
         "T": "(52 (45 (36 (20 10)) (24 (18 6)) (14 6) (27 18)) (29 (19 9 5) (8 5) (18 5)) (41 (25 17 10)) (24 (14 7) 9 (15 7)) (40 (23 (19 9))))"
      },
      "output": {
         "T": "(52 (45 (36 20) (24 18) 14 27) (29 (19 5) 8 18) (41 (25 10)) (24 14 15) (40 (23 19)))"
      }
   },
   {
      "datain": {
         "T": "(39 12 (30 15 17 (17 4)) (21 10 12) (36 8 (25 16)) (26 10 11 4) (22 12 3 10 10) (27 (17 5)))"
      },
      "output": {
         "T": "(39 (30 15 17) (21 10) (36 25) (26 10 4) (22 3 10 10) (27 17))"
      }
   },
   {
      "datain": {
         "T": "(52 (42 (31 (24 14) (17 7)) (19 6) (26 16)) (41 (31 10 10 (20 13)) (23 7) 12) (36 16 (28 16) 9 (18 8)) (33 (23 10) 12) (34 6 (31 17 17)))"
      },
      "output": {
         "T": "(52 (42 (31 24 17) 19 26) (41 (31 10 20) 23) (36 28 9 18) (33 23) (34 (31 17)))"
      }
   },
   {
      "datain": {
         "T": "(66 (37 (23 (15 4)) 10 11 18) (17 12) (13 5 2) (52 (44 (28 15))) (27 (19 10) 4) (36 9 (25 (16 10)) 10) (20 11))"
      },
      "output": {
         "T": "(66 (37 (23 15) 10 11) 17 (13 2) (52 (44 28)) (27 19) (36 9 (25 16)) 20)"
      }
   },
   {
      "datain": {
         "T": "(67 (25 13 4 13) (31 (29 12 6 19)) (53 (34 (27 15) (25 (11 7)))) (44 (33 6 18) 9 10))"
      },
      "output": {
         "T": "(67 (25 4 13) (31 (29 12 6)) (53 (34 27 (25 11))) (44 (33 6) 9))"
      }
   },
   {
      "datain": {
         "T": "(49 (25 4 10) (19 12 1) (40 (33 (20 9)) 15 2) (42 (25 17) (32 (24 9) 2)) (19 (13 8)) (33 (17 8) 11))"
      },
      "output": {
         "T": "(49 (25 4) (19 1) (40 (33 20) 2) (42 25 (32 24)) (19 13) (33 17))"
      }
   },
   {
      "datain": {
         "T": "(53 (40 (18 14) (19 5) (24 10)) (41 (33 16 1 13)) (28 2 13 15) (39 15 (21 7)))"
      },
      "output": {
         "T": "(53 (40 18 19 24) (41 (33 1 13)) (28 2 13) (39 21))"
      }
   },
   {
      "datain": {
         "T": "(49 9 (10 7) (42 9 (24 12) 13) (28 (19 12)) (22 13) 11 (22 2 13 13))"
      },
      "output": {
         "T": "(49 9 10 (42 9 24) (28 19) 22 (22 2 13))"
      }
   },
   {
      "datain": {
         "T": "(37 (27 (20 12 15)) (17 11 8) (34 9 14 (24 18)) (23 6 10) 7 (25 15) (23 4))"
      },
      "output": {
         "T": "(37 (27 (20 12)) (17 8) (34 9 24) (23 6) 25 23)"
      }
   },
   {
      "datain": {
         "T": "(53 (45 (37 (20 7) (11 6) 15 10 14)) (48 (44 (26 (18 13)) 8) (25 12 14 6) (42 (19 9) (31 (20 11) 8)) (21 8)) (45 (21 13 (15 10)) (43 (31 18)) (14 3)))"
      },
      "output": {
         "T": "(53 (45 (37 20 11 10 14)) (48 (44 (26 18)) (25 12 6) (42 19 (31 20)) 21) (45 (21 15) (43 31) 14))"
      }
   },
   {
      "datain": {
         "T": "(78 (38 (31 (19 10)) (18 10) 8) (24 (15 13) 3 10 4) (61 (51 (22 14 2) (40 (29 16)) (30 (21 10 8 9)) (21 8) 18 10)) (23 4 6 (4 2) 8))"
      },
      "output": {
         "T": "(78 (38 (31 19) 18) (24 15 3 4) (61 (51 (22 2) (40 29) (30 (21 8 9)) 21 10)) (23 4 6 4))"
      }
   },
   {
      "datain": {
         "T": "(42 (25 5 (9 4) 10 4) (29 11 (18 7 10) (23 12)) 12 (31 17 18 3) (29 16 (22 14)) (19 10 8) 8 (18 11 9 11))"
      },
      "output": {
         "T": "(42 (25 5 9 4) (29 (18 7) 23) (31 17 3) (29 22) (19 8) 8 (18 9 11))"
      }
   },
   {
      "datain": {
         "T": "(57 (16 11 9) (14 5 13) (22 11 11 13) (40 (27 (16 13)) (20 14)) (39 (25 10) (23 9)) (42 2 (29 10 18)) (22 (15 10)))"
      },
      "output": {
         "T": "(57 (16 9) (14 5) (22 11 11) (40 (27 16) 20) (39 25 23) (42 (29 10)) (22 15))"
      }
   },
   {
      "datain": {
         "T": "(46 (39 (31 18) 8) (31 (15 6 12)) (38 8 (23 13) (16 7) (18 10)) (11 8 6) 9 (37 (29 11 16)) (23 (17 12)))"
      },
      "output": {
         "T": "(46 (39 31) (31 (15 6)) (38 23 16 18) (11 6) (37 (29 11)) (23 17))"
      }
   },
   {
      "datain": {
         "T": "(47 (35 (24 9 10) 16 (27 12 10) (26 9 9 8) 10 (15 6) 8) (42 (16 10) 13 12 (31 17 (22 10)) (24 15) (24 10)))"
      },
      "output": {
         "T": "(47 (35 (24 9) (27 10) (26 9 8) 10 15 8) (42 16 12 (31 22) 24 24))"
      }
   },
   {
      "datain": {
         "T": "(62 (47 (35 8 (24 15)) (42 14 10 (30 14) 15) (22 3 8) (29 14 12 15 9) (36 10 10 (27 19)) 9 (17 12 11 13)))"
      },
      "output": {
         "T": "(62 (47 (35 24) (42 14 10 30) (22 3) (29 14 12 9) (36 10 27) (17 12 11)))"
      }
   },
   {
      "datain": {
         "T": "(45 (20 10) 17 7 (15 8) (21 9) (23 16) (37 13 11 (20 17)))"
      },
      "output": {
         "T": "(45 20 7 15 21 23 (37 11 20))"
      }
   },
   {
      "datain": {
         "T": "(53 (35 (24 13) 6 (24 14) 19) (15 5) (22 11 12 10 6) (37 (28 19) 3 10 13))"
      },
      "output": {
         "T": "(53 (35 24 6 24) 15 (22 11 10 6) (37 28 3 10))"
      }
   },
   {
      "datain": {
         "T": "(55 (35 7 (22 5 7) (24 15)) (30 14 (19 9) 12 14 9) (31 (24 6 11)) (23 (13 6)) (39 (24 14) 13) (49 (38 (26 (14 6)))) (26 19 10 15 8))"
      },
      "output": {
         "T": "(55 (35 (22 5) 24) (30 19 12 14 9) (31 (24 6)) (23 13) (39 24) (49 (38 (26 14))) (26 10 15 8))"
      }
   },
   {
      "datain": {
         "T": "(68 (54 (27 (17 5) 1 (16 7) 3 9) (46 11 (21 (10 6)) 7 13 (31 (16 10) 8)) (29 (22 14) (26 16) 15 8) (33 (15 13) (22 8) (22 13 14) (19 8 4))))"
      },
      "output": {
         "T": "(68 (54 (27 17 1 16 3) (46 11 (21 10) 7 (31 16)) (29 22 26 8) (33 15 22 (22 13) (19 4))))"
      }
   },
   {
      "datain": {
         "T": "(62 (23 (17 7) 11 (22 4) (21 12)) 12 (38 (27 8 12) (15 14) 14) (32 (25 13) 5) (27 12) (15 10 10 9 9) (58 6 14 (39 (27 14))) (26 7))"
      },
      "output": {
         "T": "(62 (23 17 22 21) (38 (27 8) 15) (32 25) 27 (15 10 9 9) (58 6 (39 27)) 26)"
      }
   },
   {
      "datain": {
         "T": "(71 (65 (36 (30 18 9) (22 11 9) 9 12) (56 (38 (30 (16 9 6))) (32 (25 10 13 10 18)) (18 6) (19 5 11))))"
      },
      "output": {
         "T": "(71 (65 (36 (30 9) (22 9) 9) (56 (38 (30 (16 6))) (32 (25 10 13 10)) 18 (19 5))))"
      }
   }
]
