[
    {"datain":{"T":"(9 (1 2 3) (1 4 5) 4 1)"},
     "output":{"maxneq":3},
     "ucase":0},
    {"datain":{"T":"(1 (3 3 2) (2 3) (2 (1 (2 3))) (1 1))"},
     "output":{"maxneq":2},
     "ucase":1},
    {"datain":{"T":"(2 (0 1 0 (3 1) (3 0) 3 1 3))"},
     "output":{"maxneq":4},
     "ucase":2},
    {"datain":{"T":"(3 (2 3 3) (1 2) (1 1) 0 (1 (2 3)) (3 (3 1)) (0 1) (1 3 0) (2 (2 0)))"},
     "output":{"maxneq":4},
     "ucase":3},
    {"datain":{"T":"(2 (2 2 3) 3 (0 2) (2 2 (3 2) 2 1) (1 2) (3 1 2 1) (0 0) (0 1 2) (2 3 0) (2 2))"},
     "output":{"maxneq":4},
     "ucase":4},
    {"datain":{"T":"(3 (1 (0 (2 3 3) 2) (2 (1 0 3) 2) (2 2 (3 3)) (1 2 1) (3 3 1 1 2)))"},
     "output":{"maxneq":2},
     "ucase":5},
    {"datain":{"T":"(3 (1 (2 (0 0 2)) (3 (0 0) (1 2)) (2 (0 (3 0) (1 2) (0 2))) (1 (2 0) (0 3)) (3 2 2)))"},
     "output":{"maxneq":2},
     "ucase":6},
    {"datain":{"T":"(3 (0 2 3 (3 3) (1 (1 3)) 3) (0 (2 2 2 1)) (0 3 (0 0) (3 0) 1 (2 1 3 3)))"},
     "output":{"maxneq":3},
     "ucase":7},
    {"datain":{"T":"(3 (1 (2 (0 1) 3)) 2 (0 1) (0 3 3 (3 3)) (3 3 0) (2 2 3 (0 2) 3) (3 2 0) 2)"},
     "output":{"maxneq":3},
     "ucase":8},
    {"datain":{"T":"(2 (2 0) 1 (1 2) (3 2) 0 2 (3 3 2) (0 1) (2 (1 (1 0))) (3 2))"},
     "output":{"maxneq":3},
     "ucase":9},
    {"datain":{"T":"(2 (2 0 (3 2) (2 0) 1) (2 2 1 1) (2 3) 1 (0 (3 1) 0 (0 1)) (0 (0 (0 2) 3)) (3 2 1))"},
     "output":{"maxneq":3},
     "ucase":10},
    {"datain":{"T":"(2 (3 1) (1 (2 1)) (0 (0 2)) (0 (1 3) 0) (1 1 2))"},
     "output":{"maxneq":2},
     "ucase":11},
    {"datain":{"T":"(1 (2 1 2) (0 2 0) 2 (0 0 (2 0 1)) (2 3 2) (1 1) (1 0 3) (0 1))"},
     "output":{"maxneq":3},
     "ucase":12},
    {"datain":{"T":"(2 (1 1 (3 (0 0)) (1 3)) (0 0) (0 2) 1)"},
     "output":{"maxneq":2},
     "ucase":13},
    {"datain":{"T":"(0 (1 0 3 (2 3) 0 0) (1 0) (3 (0 2) 3 0 2) (1 (1 2) 1 3))"},
     "output":{"maxneq":3},
     "ucase":14},
    {"datain":{"T":"(3 (3 3 0 (1 (2 0)) 3) (2 1) (3 3 3 2) 2 1 (2 1))"},
     "output":{"maxneq":3},
     "ucase":15},
    {"datain":{"T":"(1 1 3 2 (0 1 3) (1 1) (2 3 1) 3 (0 (2 3)))"},
     "output":{"maxneq":2},
     "ucase":16},
    {"datain":{"T":"(1 (2 (0 2 0) 2 (1 1 1)) (2 3 1) (3 0 1 0) (2 1 (1 2) 1 3 (0 3 2)))"},
     "output":{"maxneq":3},
     "ucase":17},
    {"datain":{"T":"(3 (2 0 1 2) (2 2) (0 0 1) (0 0) (1 1))"},
     "output":{"maxneq":2},
     "ucase":18},
    {"datain":{"T":"(1 (2 1 2 1 1 2 (2 3 3) (3 1) (0 1 0) (0 0)) (0 2 (0 (2 3 (0 2)) (2 2 1 1 3))))"},
     "output":{"maxneq":3},
     "ucase":19},
    {"datain":{"T":"(1 (2 0 2) (1 3) (1 0) (2 2 1 0) (2 (3 1) (3 3 1) 0) (3 3) 0 3 2 0 1 (1 2 1))"},
     "output":{"maxneq":4},
     "ucase":20},
    {"datain":{"T":"(1 2 (2 1) 0 (3 1) 2 1 (0 3) 1)"},
     "output":{"maxneq":3},
     "ucase":21},
    {"datain":{"T":"(3 (0 (1 1)) 1 3 (0 0) (1 2) (0 (0 2)) 2)"},
     "output":{"maxneq":3},
     "ucase":22},
    {"datain":{"T":"(1 (2 0 2) (1 (1 2) 0) (0 0 0 2) 0 0)"},
     "output":{"maxneq":3},
     "ucase":23},
    {"datain":{"T":"(1 (3 (2 (2 3)) 2 (1 0 2) (0 3 1) (2 0)) (2 (0 2 2 0 (1 (1 2))) (1 (0 2) 0 2)))"},
     "output":{"maxneq":3},
     "ucase":24},
    {"datain":{"T":"(0 (3 (0 (3 1 3) 2)) (0 (2 2) 1 3 2) (3 (3 2) 1) (3 1 3))"},
     "output":{"maxneq":3},
     "ucase":25},
    {"datain":{"T":"(1 (1 (0 2) (0 (0 3)) (2 3)) (1 (1 1) (3 2) (0 3 0)))"},
     "output":{"maxneq":2},
     "ucase":26},
    {"datain":{"T":"(3 1 (2 (0 3) 1) (0 1 0 (2 1) 0) 2)"},
     "output":{"maxneq":2},
     "ucase":27},
    {"datain":{"T":"(0 3 2 3 (3 1) (0 0) (2 1))"},
     "output":{"maxneq":3},
     "ucase":28},
    {"datain":{"T":"(2 (1 1 3 0 2) 1 (2 3 (2 0)) (3 0) (1 1 (1 3 3)) (1 0 1) 2 (2 2) (0 1 0))"},
     "output":{"maxneq":4},
     "ucase":29},
    {"datain":{"T":"(0 (3 (1 (3 3) 1) (1 (2 0) 2 (1 3)) (0 (2 1 3 (3 1))) (3 3 (1 1)) (3 (1 2 0) 1 0)))"},
     "output":{"maxneq":2},
     "ucase":30},
    {"datain":{"T":"(0 (0 2 (0 0) 0) (0 3 (1 3)) (2 (1 1) (1 (0 3 3))) (2 1 0 2 (0 2)) (0 2 (3 (2 0)) 3))"},
     "output":{"maxneq":3},
     "ucase":31},
    {"datain":{"T":"(2 (0 0 1 (1 (0 1))) (0 (3 (1 (3 3) 3 (3 3 0)))))"},
     "output":{"maxneq":3},
     "ucase":32},
    {"datain":{"T":"(3 (3 1 1) (3 (1 1) 0 (0 0) 0) (3 (0 3)) (1 0 3))"},
     "output":{"maxneq":3},
     "ucase":33},
    {"datain":{"T":"(2 (3 (2 (2 (1 1 3) 1 2 (2 0) (0 0)) (1 (2 (0 1)) (1 (1 2)) (0 2) (2 2 1 1)))))"},
     "output":{"maxneq":2},
     "ucase":34},
    {"datain":{"T":"(2 (2 1 2) (1 2 (0 1)) 2 (3 3 3) (1 (0 3) 2) 3)"},
     "output":{"maxneq":2},
     "ucase":35},
    {"datain":{"T":"(2 (2 (3 2) 3) (2 (0 0)) (3 2) 0 (0 (3 2)) 1 2)"},
     "output":{"maxneq":3},
     "ucase":36},
    {"datain":{"T":"(1 (2 (0 0) 0 1) (2 0 (1 2) 2 3) (2 2 (2 2)) (2 1 2 1))"},
     "output":{"maxneq":4},
     "ucase":37},
    {"datain":{"T":"(0 (2 3) (2 (1 2)) (3 1) (2 (2 2) 0 1 2 0 1 0 (2 0 0) 3) (3 (1 2 1 2) (0 2) 3))"},
     "output":{"maxneq":3},
     "ucase":38},
    {"datain":{"T":"(1 (0 (1 0) 0) (1 1 2 2 3))"},
     "output":{"maxneq":2},
     "ucase":39},
    {"datain":{"T":"(2 (0 (3 0)) (1 (3 3)) (2 1 1) (2 (2 3 0 (1 3) 1)) 1 2 3 (0 2 1 0) 2 2 0)"},
     "output":{"maxneq":5},
     "ucase":40},
    {"datain":{"T":"(3 (3 3) (1 3) (1 2 0) (3 1 3 0 3) (1 (0 1)) (0 1 1) (3 (0 1) 2 2) (3 3))"},
     "output":{"maxneq":4},
     "ucase":41},
    {"datain":{"T":"(3 (2 0 2) (2 1) 2 (3 0 0) 2 (2 (1 2 2)) (2 2) 2 (3 (2 2) 1) (2 (2 2)))"},
     "output":{"maxneq":8},
     "ucase":42},
    {"datain":{"T":"(3 (1 2) (2 0 0) (1 2 3) (2 (2 1) 1))"},
     "output":{"maxneq":2},
     "ucase":43},
    {"datain":{"T":"(2 (3 (0 0) (1 1)) 0 (2 (0 3)) (3 2) 0 (3 2))"},
     "output":{"maxneq":3},
     "ucase":44},
    {"datain":{"T":"(0 (2 (0 0) (0 3)) (0 0 (0 1) (1 0) (0 (1 0))))"},
     "output":{"maxneq":3},
     "ucase":45},
    {"datain":{"T":"(3 (0 0 0 (0 1 0) 3 (0 2) 2 (2 3 2) 0 2))"},
     "output":{"maxneq":5},
     "ucase":46},
    {"datain":{"T":"(1 (0 (1 0 1 (0 2) 0) (0 (0 0 3))))"},
     "output":{"maxneq":3},
     "ucase":47},
    {"datain":{"T":"(1 (2 0) (3 3) (0 1) 0 (2 0) (3 1 1 1) (0 1) (3 3))"},
     "output":{"maxneq":3},
     "ucase":48},
    {"datain":{"T":"(1 (3 1 (2 0)) (2 3 2) 2 (2 2) (2 1))"},
     "output":{"maxneq":4},
     "ucase":49},
    {"datain":{"T":"(3 (2 1) (0 (1 0)) (2 2 3) (0 1 (1 1) 2) (0 3) 3 (1 0 1) (2 2 0))"},
     "output":{"maxneq":3},
     "ucase":50}
]
