[
   {"datain":{"T":"(9 (1 2 3))"},
    "output":{"M":[[0,2],[1,1],[2,1]]},
    "ucase":0},
   {"datain":{"T":"(1 (3 3 2) (2 3) (2 (1 (2 3))) (1 1))"},
    "output":{"M":[[0,5],[1,4],[2,1],[3,1],[4,1]]},
    "ucase":1},
   {"datain":{"T":"(3 (2 3 3) (1 2) (1 1) 0 (1 (2 3)) (3 (3 1)) (0 1) (1 3 0) (2 (2 0)))"},
    "output":{"M":[[0,11],[1,8],[2,3],[3,1]]},
    "ucase":2},
   {"datain":{"T":"(2 (2 2 3) 3 (0 2) (2 2 (3 2) 2 1) (1 2) (3 1 2 1) (0 0) (0 1 2) (2 3 0) (2 2))"},
    "output":{"M":[[0,18],[1,9],[2,1],[3,1]]},
    "ucase":3},
   {"datain":{"T":"(3 (1 (0 (2 3 3) 2) (2 (1 0 3) 2) (2 2 (3 3)) (1 2 1) (3 3 1 1 2)))"},
    "output":{"M":[[0,14],[1,5],[2,3],[3,1],[4,1]]},
    "ucase":4},
   {"datain":{"T":"(3 (1 (2 (0 0 2)) (3 (0 0) (1 2)) (2 (0 (3 0) (1 2) (0 2))) (1 (2 0) (0 3)) (3 2 2)))"},
    "output":{"M":[[0,11],[1,9],[2,4],[3,1],[4,1],[5,1]]},
    "ucase":5},
   {"datain":{"T":"(3 (0 2 3 (3 3) (1 (1 3)) 3) (0 (2 2 2 1)) (0 3 (0 0) (3 0) 1 (2 1 3 3)))"},
    "output":{"M":[[0,15],[1,6],[2,3],[3,1],[4,1]]},
    "ucase":6},
   {"datain":{"T":"(3 (1 (2 (0 1) 3)) 2 (0 1) (0 3 3 (3 3)) (3 3 0) (2 2 3 (0 2) 3) (3 2 0) 2)"},
    "output":{"M":[[0,16],[1,6],[2,3],[3,1],[4,1]]},
    "ucase":7},
   {"datain":{"T":"(2 (2 0) 1 (1 2) (3 2) 0 2 (3 3 2) (0 1) (2 (1 (1 0))) (3 2))"},
    "output":{"M":[[0,11],[1,7],[2,1],[3,1],[4,1]]},
    "ucase":8},
   {"datain":{"T":"(2 (2 0 (3 2) (2 0) 1) (2 2 1 1) (2 3) 1 (0 (3 1) 0 (0 1)) (0 (0 (0 2) 3)) (3 2 1))"},
    "output":{"M":[[0,16],[1,8],[2,3],[3,1],[4,1]]},
    "ucase":9},
   {"datain":{"T":"(2 (3 1) (1 (2 1)) (0 (0 2)) (0 (1 3) 0) (1 1 2))"},
    "output":{"M":[[0,7],[1,5],[2,3],[3,1]]},
    "ucase":10},
   {"datain":{"T":"(1 (2 1 2) (0 2 0) 2 (0 0 (2 0 1)) (2 3 2) (1 1) (1 0 3) (0 1))"},
    "output":{"M":[[0,14],[1,7],[2,1],[3,1]]},
    "ucase":11},
   {"datain":{"T":"(2 (1 1 (3 (0 0)) (1 3)) (0 0) (0 2) 1)"},
    "output":{"M":[[0,6],[1,4],[2,1],[3,1],[4,1]]},
    "ucase":12},
   {"datain":{"T":"(0 (1 0 3 (2 3) 0 0) (1 0) (3 (0 2) 3 0 2) (1 (1 2) 1 3))"},
    "output":{"M":[[0,13],[1,4],[2,3],[3,1]]},
    "ucase":13},
   {"datain":{"T":"(3 (3 3 0 (1 (2 0)) 3) (2 1) (3 3 3 2) 2 1 (2 1))"},
    "output":{"M":[[0,11],[1,4],[2,1],[3,1],[4,1]]},
    "ucase":14},
   {"datain":{"T":"(1 1 3 2 (0 1 3) (1 1) (2 3 1) 3 (0 (2 3)))"},
    "output":{"M":[[0,10],[1,4],[2,1],[3,1]]},
    "ucase":15},
   {"datain":{"T":"(1 (2 (0 2 0) 2 (1 1 1)) (2 3 1) (3 0 1 0) (2 1 (1 2) 1 3 (0 3 2)))"},
    "output":{"M":[[0,16],[1,6],[2,2],[3,1]]},
    "ucase":16},
   {"datain":{"T":"(3 (2 0 1 2) (2 2) (0 0 1) (0 0) (1 1))"},
    "output":{"M":[[0,8],[1,5],[2,1]]},
    "ucase":17},
   {"datain":{"T":"(2 (0 1 0 (3 1) (3 0) 3 1 3))"},
    "output":{"M":[[0,7],[1,2],[2,1],[3,1]]},
    "ucase":18},
   {"datain":{"T":"(1 (2 1 2 1 1 2 (2 3 3) (3 1) (0 1 0) (0 0)) (0 2 (0 (2 3 (0 2)) (2 2 1 1 3))))"},
    "output":{"M":[[0,18],[1,6],[2,2],[3,1],[4,1],[5,1]]},
    "ucase":19},
   {"datain":{"T":"(1 (2 0 2) (1 3) (1 0) (2 2 1 0) (2 (3 1) (3 3 1) 0) (3 3) 0 3 2 0 1 (1 2 1))"},
    "output":{"M":[[0,19],[1,8],[2,1],[3,1]]},
    "ucase":20},
   {"datain":{"T":"(1 2 (2 1) 0 (3 1) 2 1 (0 3) 1)"},
    "output":{"M":[[0,8],[1,3],[2,1]]},
    "ucase":21},
   {"datain":{"T":"(3 (0 (1 1)) 1 3 (0 0) (1 2) (0 (0 2)) 2)"},
    "output":{"M":[[0,7],[1,4],[2,2],[3,1]]},
    "ucase":22},
   {"datain":{"T":"(1 (2 0 2) (1 (1 2) 0) (0 0 0 2) 0 0)"},
    "output":{"M":[[0,9],[1,3],[2,1],[3,1]]},
    "ucase":23},
   {"datain":{"T":"(1 (3 (2 (2 3)) 2 (1 0 2) (0 3 1) (2 0)) (2 (0 2 2 0 (1 (1 2))) (1 (0 2) 0 2)))"},
    "output":{"M":[[0,14],[1,6],[2,3],[3,2],[4,1],[5,1]]},
    "ucase":24},
   {"datain":{"T":"(0 (3 (0 (3 1 3) 2)) (0 (2 2) 1 3 2) (3 (3 2) 1) (3 1 3))"},
    "output":{"M":[[0,11],[1,4],[2,3],[3,1],[4,1]]},
    "ucase":25},
   {"datain":{"T":"(1 (1 (0 2) (0 (0 3)) (2 3)) (1 (1 1) (3 2) (0 3 0)))"},
    "output":{"M":[[0,7],[1,6],[2,2],[3,1],[4,1]]},
    "ucase":26},
   {"datain":{"T":"(3 1 (2 (0 3) 1) (0 1 0 (2 1) 0) 2)"},
    "output":{"M":[[0,8],[1,2],[2,2],[3,1]]},
    "ucase":27},
   {"datain":{"T":"(0 3 2 3 (3 1) (0 0) (2 1))"},
    "output":{"M":[[0,6],[1,3],[2,1]]},
    "ucase":28},
   {"datain":{"T":"(2 (1 1 3 0 2) 1 (2 3 (2 0)) (3 0) (1 1 (1 3 3)) (1 0 1) 2 (2 2) (0 1 0))"},
    "output":{"M":[[0,17],[1,7],[2,2],[3,1]]},
    "ucase":29},
   {"datain":{"T":"(0 (3 (1 (3 3) 1) (1 (2 0) 2 (1 3)) (0 (2 1 3 (3 1))) (3 3 (1 1)) (3 (1 2 0) 1 0)))"},
    "output":{"M":[[0,14],[1,6],[2,5],[3,1],[4,1],[5,1]]},
    "ucase":30},
   {"datain":{"T":"(0 (0 2 (0 0) 0) (0 3 (1 3)) (2 (1 1) (1 (0 3 3))) (2 1 0 2 (0 2)) (0 2 (3 (2 0)) 3))"},
    "output":{"M":[[0,15],[1,6],[2,5],[3,2],[4,1]]},
    "ucase":31},
   {"datain":{"T":"(2 (0 0 1 (1 (0 1))) (0 (3 (1 (3 3) 3 (3 3 0)))))"},
    "output":{"M":[[0,7],[1,3],[2,2],[3,2],[4,1],[5,1]]},
    "ucase":32},
   {"datain":{"T":"(3 (3 1 1) (3 (1 1) 0 (0 0) 0) (3 (0 3)) (1 0 3))"},
    "output":{"M":[[0,9],[1,5],[2,2],[3,1]]},
    "ucase":33},
   {"datain":{"T":"(2 (3 (2 (2 (1 1 3) 1 2 (2 0) (0 0)) (1 (2 (0 1)) (1 (1 2)) (0 2) (2 2 1 1)))))"},
    "output":{"M":[[0,12],[1,7],[2,3],[3,1],[4,1],[5,1],[6,1]]},
    "ucase":34},
   {"datain":{"T":"(2 (2 1 2) (1 2 (0 1)) 2 (3 3 3) (1 (0 3) 2) 3)"},
    "output":{"M":[[0,10],[1,4],[2,2],[3,1]]},
    "ucase":35},
   {"datain":{"T":"(2 (2 (3 2) 3) (2 (0 0)) (3 2) 0 (0 (3 2)) 1 2)"},
    "output":{"M":[[0,8],[1,4],[2,3],[3,1]]},
    "ucase":36},
   {"datain":{"T":"(1 (2 (0 0) 0 1) (2 0 (1 2) 2 3) (2 2 (2 2)) (2 1 2 1))"},
    "output":{"M":[[0,12],[1,4],[2,3],[3,1]]},
    "ucase":37},
   {"datain":{"T":"(0 (2 3) (2 (1 2)) (3 1) (2 (2 2) 0 1 2 0 1 0 (2 0 0) 3) (3 (1 2 1 2) (0 2) 3))"},
    "output":{"M":[[0,18],[1,7],[2,3],[3,1]]},
    "ucase":38},
   {"datain":{"T":"(1 (0 (1 0) 0) (1 1 2 2 3))"},
    "output":{"M":[[0,6],[1,2],[2,1],[3,1]]},
    "ucase":39},
   {"datain":{"T":"(2 (0 (3 0)) (1 (3 3)) (2 1 1) (2 (2 3 0 (1 3) 1)) 1 2 3 (0 2 1 0) 2 2 0)"},
    "output":{"M":[[0,17],[1,5],[2,3],[3,1],[4,1]]},
    "ucase":40},
   {"datain":{"T":"(3 (3 3) (1 3) (1 2 0) (3 1 3 0 3) (1 (0 1)) (0 1 1) (3 (0 1) 2 2) (3 3))"},
    "output":{"M":[[0,15],[1,8],[2,2],[3,1]]},
    "ucase":41},
   {"datain":{"T":"(3 (2 0 2) (2 1) 2 (3 0 0) 2 (2 (1 2 2)) (2 2) 2 (3 (2 2) 1) (2 (2 2)))"},
    "output":{"M":[[0,14],[1,7],[2,3],[3,1]]},
    "ucase":42},
   {"datain":{"T":"(3 (1 2) (2 0 0) (1 2 3) (2 (2 1) 1))"},
    "output":{"M":[[0,7],[1,4],[2,1],[3,1]]},
    "ucase":43},
   {"datain":{"T":"(2 (3 (0 0) (1 1)) 0 (2 (0 3)) (3 2) 0 (3 2))"},
    "output":{"M":[[0,7],[1,5],[2,2],[3,1]]},
    "ucase":44},
   {"datain":{"T":"(0 (2 (0 0) (0 3)) (0 0 (0 1) (1 0) (0 (1 0))))"},
    "output":{"M":[[0,6],[1,5],[2,2],[3,1],[4,1]]},
    "ucase":45},
   {"datain":{"T":"(3 (0 0 0 (0 1 0) 3 (0 2) 2 (2 3 2) 0 2))"},
    "output":{"M":[[0,11],[1,3],[2,1],[3,1]]},
    "ucase":46},
   {"datain":{"T":"(1 (0 (1 0 1 (0 2) 0) (0 (0 0 3))))"},
    "output":{"M":[[0,6],[1,2],[2,2],[3,1],[4,1]]},
    "ucase":47},
   {"datain":{"T":"(1 (2 0) (3 3) (0 1) 0 (2 0) (3 1 1 1) (0 1) (3 3))"},
    "output":{"M":[[0,10],[1,7],[2,1]]},
    "ucase":48},
   {"datain":{"T":"(1 (3 1 (2 0)) (2 3 2) 2 (2 2) (2 1))"},
    "output":{"M":[[0,7],[1,4],[2,1],[3,1]]},
    "ucase":49},
   {"datain":{"T":"(3 (2 1) (0 (1 0)) (2 2 3) (0 1 (1 1) 2) (0 3) 3 (1 0 1) (2 2 0))"},
    "output":{"M":[[0,13],[1,7],[2,2],[3,1]]},
    "ucase":50}
]
