[
 {
  "datain": {
   "G": "1->{2,3}, 2->{1,3}, 3->{1,4}, 4->{3}",
   "x": 1,
   "y": 1
  },
  "output": {
   "ret": 0
  },
  "ucase": 0
 },
 {
  "datain": {
   "G": "1->{2,3}, 2->{1,3}, 3->{1,4}, 4->{3}",
   "x": 2,
   "y": 4
  },
  "output": {
   "ret": 2
  },
  "ucase": 1
 },
 {
  "datain": {
   "G": "1->{2,3}, 2->{1,3}, 3->{1,4}, 4->{3}",
   "x": 1,
   "y": 4
  },
  "output": {
   "ret": 2
  },
  "ucase": 2
 },
 {
  "datain": {
   "G": "1->{2,3}, 2->{1,3}, 3->{1,4}, 4->{3}",
   "x": 4,
   "y": 3
  },
  "output": {
   "ret": 1
  },
  "ucase": 3
 },
 {
  "datain": {
   "G": "11->{54,71}, 23->{45,89,76,62}, 45->{23,54,71}, 54->{45,76,11,62}, 62->{89,23,54,71}, 71->{45,89,76,11,62}, 76->{23,54,71}, 89->{23,71,62}",
   "x": 54,
   "y": 23
  },
  "output": {
   "ret": 2
  },
  "ucase": 4
 },
 {
  "datain": {
   "G": "40->{55,45}, 45->{55,47,40,89}, 47->{55,45,89}, 55->{47,40,45}, 67->{89}, 89->{67,47,45}",
   "x": 67,
   "y": 89
  },
  "output": {
   "ret": 1
  },
  "ucase": 5
 },
 {
  "datain": {
   "G": "10->{84,34,17,78}, 17->{10,34,59,69}, 34->{75,10,17,59,69}, 59->{34,17,78}, 69->{75,84,34,17,78}, 75->{34,69}, 78->{10,59,69}, 84->{10,69}",
   "x": 34,
   "y": 34
  },
  "output": {
   "ret": 0
  },
  "ucase": 6
 },
 {
  "datain": {
   "G": "22->{66,99,45}, 44->{70,99,45}, 45->{70,66,91,44,22}, 66->{45,22}, 70->{91,44,45}, 91->{70,45}, 99->{44,22}",
   "x": 45,
   "y": 70
  },
  "output": {
   "ret": 1
  },
  "ucase": 7
 },
 {
  "datain": {
   "G": "19->{49,27,34}, 27->{19,49,47}, 34->{19,49}, 47->{49,27}, 49->{19,27,34,47}",
   "x": 27,
   "y": 47
  },
  "output": {
   "ret": 1
  },
  "ucase": 8
 },
 {
  "datain": {
   "G": "1->{92,2,42}, 2->{24,42,1}, 24->{53,2,42}, 42->{24,2,1}, 53->{24,92}, 92->{53,1}",
   "x": 1,
   "y": 2
  },
  "output": {
   "ret": 1
  },
  "ucase": 9
 },
 {
  "datain": {
   "G": "1->{60,52,81,2}, 2->{59,1,60,52,21}, 21->{46,59,52,81,2}, 46->{59,60,21,81}, 52->{59,1,21,2}, 59->{46,52,21,81,2}, 60->{46,1,81,2}, 81->{46,59,1,60,21}",
   "x": 46,
   "y": 46
  },
  "output": {
   "ret": 0
  },
  "ucase": 10
 },
 {
  "datain": {
   "G": "11->{16,49}, 16->{46,11}, 46->{81,16,49}, 49->{81,46,11}, 81->{46,49}",
   "x": 49,
   "y": 81
  },
  "output": {
   "ret": 1
  },
  "ucase": 11
 },
 {
  "datain": {
   "G": "0->{4,42,57,48}, 4->{42,0,57,48,5,83}, 5->{4,42,48,12,83}, 11->{57}, 12->{48,5}, 42->{4,0,48,5}, 48->{4,42,0,57,12,5,83}, 57->{4,0,11,48}, 83->{4,48,5}",
   "x": 48,
   "y": 57
  },
  "output": {
   "ret": 1
  },
  "ucase": 12
 },
 {
  "datain": {
   "G": "10->{65,15,42}, 15->{80,18,42,10}, 17->{18,42}, 18->{15,17}, 42->{80,15,48,17,10}, 48->{42}, 65->{10}, 80->{15,42}",
   "x": 80,
   "y": 65
  },
  "output": {
   "ret": 3
  },
  "ucase": 13
 },
 {
  "datain": {
   "G": "39->{91}, 62->{67,89}, 67->{91,62,75}, 75->{67,89}, 89->{62,75}, 91->{67,39}",
   "x": 67,
   "y": 75
  },
  "output": {
   "ret": 1
  },
  "ucase": 14
 },
 {
  "datain": {
   "G": "3->{11,13,14,23}, 11->{3,13,57,14,42,23}, 13->{3,11,42,23,90}, 14->{3,11,23}, 23->{3,11,13,14}, 42->{11,13}, 57->{11,90}, 90->{13,57}",
   "x": 90,
   "y": 3
  },
  "output": {
   "ret": 2
  },
  "ucase": 15
 },
 {
  "datain": {
   "G": "7->{20,51}, 20->{75,51,7}, 35->{}, 51->{75,20,7}, 75->{20,51,96}, 96->{75}",
   "x": 96,
   "y": 7
  },
  "output": {
   "ret": 3
  },
  "ucase": 16
 },
 {
  "datain": {
   "G": "22->{66,24,76}, 24->{66,35,22,55}, 35->{24,55}, 43->{76,55,70}, 49->{66,76}, 55->{66,24,35,43,70}, 66->{24,49,76,22,55,70}, 70->{66,55,43}, 76->{66,49,22,43}",
   "x": 24,
   "y": 43
  },
  "output": {
   "ret": 2
  },
  "ucase": 17
 },
 {
  "datain": {
   "G": "1->{86,61,3}, 3->{73,86,1,38,36}, 36->{73,86,38,52,3}, 38->{86,61,52,3,36}, 52->{73,86,38,36}, 61->{1,38}, 73->{52,3,36}, 86->{1,38,52,3,36}",
   "x": 3,
   "y": 1
  },
  "output": {
   "ret": 1
  },
  "ucase": 18
 },
 {
  "datain": {
   "G": "9->{87,58}, 16->{58}, 58->{87,74,16,9}, 74->{58}, 87->{9,58}, 94->{}",
   "x": 87,
   "y": 58
  },
  "output": {
   "ret": 1
  },
  "ucase": 19
 },
 {
  "datain": {
   "G": "11->{20,42,31}, 14->{20,36,71,42,31}, 20->{11,14,31}, 31->{11,20,14,71,42}, 36->{14,71}, 42->{11,69,14,71,31}, 69->{42,80}, 71->{14,36,42,31}, 80->{69}",
   "x": 31,
   "y": 71
  },
  "output": {
   "ret": 1
  },
  "ucase": 20
 },
 {
  "datain": {
   "G": "1->{86,36}, 36->{80,1}, 55->{86}, 80->{86,36}, 86->{55,80,1}",
   "x": 1,
   "y": 86
  },
  "output": {
   "ret": 1
  },
  "ucase": 21
 },
 {
  "datain": {
   "G": "3->{77,25,24}, 14->{77,68}, 24->{77,3}, 25->{26,3}, 26->{25,68}, 68->{26,14}, 77->{24,3,14}",
   "x": 14,
   "y": 68
  },
  "output": {
   "ret": 1
  },
  "ucase": 22
 },
 {
  "datain": {
   "G": "16->{73,31,96,61,70}, 22->{73,96,70}, 23->{31,96,61,59}, 31->{73,23,59,16}, 59->{73,23,31,96}, 61->{73,23,16}, 70->{96,22,16}, 73->{31,22,61,59,16}, 96->{23,22,70,59,16}",
   "x": 59,
   "y": 59
  },
  "output": {
   "ret": 0
  },
  "ucase": 23
 },
 {
  "datain": {
   "G": "24->{75}, 43->{63}, 63->{43,75}, 67->{}, 75->{63,24}",
   "x": 43,
   "y": 43
  },
  "output": {
   "ret": 0
  },
  "ucase": 24
 },
 {
  "datain": {
   "G": "2->{}, 8->{54,39,63,75}, 19->{22,63}, 22->{19,63}, 39->{8,54,63,75}, 54->{8,39,63,75}, 63->{22,8,54,39,19}, 75->{8,54,39}",
   "x": 54,
   "y": 39
  },
  "output": {
   "ret": 1
  },
  "ucase": 25
 },
 {
  "datain": {
   "G": "7->{}, 11->{15,32,43,93}, 15->{97,61,11}, 32->{97,43,61,11,93}, 43->{32,61,11,93}, 61->{15,32,43}, 93->{32,43,11}, 97->{15,32}",
   "x": 11,
   "y": 32
  },
  "output": {
   "ret": 1
  },
  "ucase": 26
 },
 {
  "datain": {
   "G": "4->{45,96,28}, 28->{84,4,66,49}, 45->{84,4,49}, 49->{45,96,28}, 66->{28}, 84->{45,96,28}, 96->{84,4,49}",
   "x": 66,
   "y": 28
  },
  "output": {
   "ret": 1
  },
  "ucase": 27
 },
 {
  "datain": {
   "G": "9->{14,73,74,71}, 14->{73,9,71}, 29->{73,74,71}, 32->{}, 71->{14,9,29}, 73->{14,74,9,29}, 74->{73,9,29}",
   "x": 29,
   "y": 74
  },
  "output": {
   "ret": 1
  },
  "ucase": 28
 },
 {
  "datain": {
   "G": "31->{51,40}, 40->{61,51,68,31,69,52}, 51->{61,68,31,69,40}, 52->{61,68,74,40}, 61->{51,69,52,40}, 68->{51,69,52,74,40}, 69->{61,51,68,74,40}, 74->{68,69,52}",
   "x": 40,
   "y": 40
  },
  "output": {
   "ret": 0
  },
  "ucase": 29
 },
 {
  "datain": {
   "G": "7->{49,11}, 11->{7,75,39,49}, 39->{75,11}, 49->{7,11,67}, 67->{49}, 75->{39,11}",
   "x": 67,
   "y": 67
  },
  "output": {
   "ret": 0
  },
  "ucase": 30
 },
 {
  "datain": {
   "G": "6->{69}, 48->{69}, 69->{94,6,48,98}, 94->{69,98}, 98->{94,69}",
   "x": 69,
   "y": 94
  },
  "output": {
   "ret": 1
  },
  "ucase": 31
 },
 {
  "datain": {
   "G": "8->{35,51,25,99,19}, 19->{35,25,28,8}, 25->{35,28,8,19}, 28->{51,25,29,19}, 29->{28}, 35->{25,8,19}, 37->{51,99}, 51->{28,37,8}, 99->{37,8}",
   "x": 25,
   "y": 37
  },
  "output": {
   "ret": 3
  },
  "ucase": 32
 },
 {
  "datain": {
   "G": "5->{18,76,86,80,42,40}, 18->{5,76,42}, 40->{5,86,80}, 42->{18,5,86}, 76->{18,5,99}, 80->{5,86,40}, 86->{5,80,42,40}, 99->{76}",
   "x": 5,
   "y": 40
  },
  "output": {
   "ret": 1
  },
  "ucase": 33
 },
 {
  "datain": {
   "G": "10->{38,83,52,79,30}, 22->{38,83,52,79,30}, 30->{38,83,10,52,22,60,79}, 38->{83,10,52,22,60,79,30}, 52->{38,10,22,79,30}, 60->{38,83,79,30}, 79->{38,83,10,52,22,60,30}, 83->{38,10,22,60,79,30}",
   "x": 10,
   "y": 79
  },
  "output": {
   "ret": 1
  },
  "ucase": 34
 },
 {
  "datain": {
   "G": "1->{30,9}, 5->{30}, 9->{30,45,1,55}, 11->{66}, 30->{1,55,5,9}, 45->{66,9}, 55->{30,9}, 66->{11,45}",
   "x": 66,
   "y": 11
  },
  "output": {
   "ret": 1
  },
  "ucase": 35
 },
 {
  "datain": {
   "G": "26->{70,68}, 29->{68}, 57->{}, 68->{70,26,29}, 70->{26,68}",
   "x": 70,
   "y": 68
  },
  "output": {
   "ret": 1
  },
  "ucase": 36
 },
 {
  "datain": {
   "G": "1->{98,18,67}, 18->{67,1,60}, 60->{98,18}, 67->{18,77,1}, 77->{67}, 98->{1,60}",
   "x": 1,
   "y": 18
  },
  "output": {
   "ret": 1
  },
  "ucase": 37
 },
 {
  "datain": {
   "G": "13->{37,45,61}, 36->{37,52}, 37->{13,61,36,83}, 45->{13,83}, 52->{61,36}, 61->{37,13,52,83}, 83->{37,45,61}",
   "x": 36,
   "y": 13
  },
  "output": {
   "ret": 2
  },
  "ucase": 38
 },
 {
  "datain": {
   "G": "29->{61}, 35->{54,57}, 54->{61,57,58,35}, 57->{54,35}, 58->{54}, 61->{54,29}",
   "x": 35,
   "y": 54
  },
  "output": {
   "ret": 1
  },
  "ucase": 39
 },
 {
  "datain": {
   "G": "9->{92,14}, 14->{9,52}, 52->{14}, 90->{92}, 92->{9,90}",
   "x": 90,
   "y": 14
  },
  "output": {
   "ret": 3
  },
  "ucase": 40
 },
 {
  "datain": {
   "G": "5->{85,77,45,43}, 10->{85,45,27}, 27->{85,77,45,10,28}, 28->{45,27}, 34->{77}, 43->{77,45,5}, 45->{85,5,10,28,43,27}, 77->{34,5,43,27}, 85->{45,5,10,27}",
   "x": 85,
   "y": 85
  },
  "output": {
   "ret": 0
  },
  "ucase": 41
 },
 {
  "datain": {
   "G": "22->{67,38}, 34->{40}, 38->{22}, 40->{67,34}, 67->{22,40}",
   "x": 34,
   "y": 38
  },
  "output": {
   "ret": 4
  },
  "ucase": 42
 },
 {
  "datain": {
   "G": "6->{52,46}, 14->{46}, 46->{14,52,6}, 52->{70,46,6}, 70->{52}",
   "x": 6,
   "y": 70
  },
  "output": {
   "ret": 2
  },
  "ucase": 43
 },
 {
  "datain": {
   "G": "4->{57,70}, 29->{70,61}, 57->{61,64,4}, 61->{29,57}, 64->{57,70}, 70->{29,64,4}",
   "x": 64,
   "y": 61
  },
  "output": {
   "ret": 2
  },
  "ucase": 44
 },
 {
  "datain": {
   "G": "4->{71,38,37,82,59}, 20->{71,82,59}, 37->{71,4,82,59}, 38->{4,59}, 59->{20,71,4,38,37,82}, 71->{20,4,37,82,59}, 82->{20,71,4,37,59}",
   "x": 20,
   "y": 59
  },
  "output": {
   "ret": 1
  },
  "ucase": 45
 },
 {
  "datain": {
   "G": "3->{92,21}, 21->{3}, 49->{}, 84->{92}, 92->{84,3}",
   "x": 21,
   "y": 3
  },
  "output": {
   "ret": 1
  },
  "ucase": 46
 },
 {
  "datain": {
   "G": "17->{73}, 73->{81,90,17,91}, 76->{91}, 81->{73}, 90->{73,91}, 91->{73,76,90}",
   "x": 91,
   "y": 76
  },
  "output": {
   "ret": 1
  },
  "ucase": 47
 },
 {
  "datain": {
   "G": "8->{49,70,14,84}, 14->{49,70,8,84}, 28->{84}, 49->{14,8,84}, 70->{14,8}, 84->{49,14,8,28}",
   "x": 14,
   "y": 8
  },
  "output": {
   "ret": 1
  },
  "ucase": 48
 },
 {
  "datain": {
   "G": "20->{29,45,24,85}, 24->{29,45,85,20}, 29->{24,85,20}, 45->{24,20}, 85->{29,24,20}",
   "x": 45,
   "y": 45
  },
  "output": {
   "ret": 0
  },
  "ucase": 49
 },
 {
  "datain": {
   "G": "10->{63,60,18}, 18->{60,10,36}, 29->{36}, 36->{29,60,18}, 60->{63,10,18,36,73}, 63->{60,10}, 73->{60}",
   "x": 73,
   "y": 10
  },
  "output": {
   "ret": 2
  },
  "ucase": 50
 },
 {
  "datain": {
   "G": "8->{57,99,85}, 57->{8}, 80->{99,85}, 85->{99,8,80}, 99->{85,8,80}",
   "x": 80,
   "y": 8
  },
  "output": {
   "ret": 2
  },
  "ucase": 51
 },
 {
  "datain": {
   "G": "14->{}, 33->{97}, 48->{97}, 86->{97}, 97->{48,86,33}",
   "x": 86,
   "y": 48
  },
  "output": {
   "ret": 2
  },
  "ucase": 52
 },
 {
  "datain": {
   "G": "17->{30,77,38,56,92,93,80}, 30->{17,38,92,80}, 38->{17,30,77,56,92,93}, 56->{17,38,93,80}, 77->{17,38,92,87,80}, 80->{17,30,77,56,92}, 87->{77,92,93}, 92->{17,30,77,38,87,93,80}, 93->{17,38,56,92,87}",
   "x": 56,
   "y": 56
  },
  "output": {
   "ret": 0
  },
  "ucase": 53
 }
]
