[
 {
  "datain": {
   "T": "(5 (2 1 3) 7)"
  },
  "output": {
   "ret": "(5 (2 (1 8) (3 10)) (7 12))"
  },
  "ucase": 0
 },
 {
  "datain": {
   "T": "(10 (10 7 (5 7) (8 5 7 3) 3 (2 (5 5))) (5 (2 4 (10 9 (10 8) 6) 10 (8 10)) (4 2 9 1)))"
  },
  "output": {
   "ret": "(10 (10 (7 27) (5 (7 32)) (8 (5 33) (7 35) (3 31)) (3 23) (2 (5 (5 32)))) (5 (2 (4 21) (10 (9 36) (10 (8 45)) (6 33)) (10 27) (8 (10 35))) (4 (2 21) (9 28) (1 20))))"
  },
  "ucase": 1
 },
 {
  "datain": {
   "T": "(10 (2 8 (10 3)) (5 6 3) (1 6 (4 2)) (6 9) (2 (4 5)) (10 1 10 9) (6 5 1 4))"
  },
  "output": {
   "ret": "(10 (2 (8 20) (10 (3 25))) (5 (6 21) (3 18)) (1 (6 17) (4 (2 17))) (6 (9 25)) (2 (4 (5 21))) (10 (1 21) (10 30) (9 29)) (6 (5 21) (1 17) (4 20)))"
  },
  "ucase": 2
 },
 {
  "datain": {
   "T": "(6 (5 (1 (8 9) 2 (4 6) 9 (10 7) (9 (6 7))) 3) (5 (3 (8 1 4) 6 10 2) (8 5 (7 (9 1 7))) (9 1 6 3)))"
  },
  "output": {
   "ret": "(6 (5 (1 (8 (9 29)) (2 14) (4 (6 22)) (9 21) (10 (7 29)) (9 (6 (7 34)))) (3 14)) (5 (3 (8 (1 23) (4 26)) (6 20) (10 24) (2 16)) (8 (5 24) (7 (9 (1 36) (7 42)))) (9 (1 21) (6 26) (3 23))))"
  },
  "ucase": 3
 },
 {
  "datain": {
   "T": "(6 (5 9) 4 (10 (5 (7 9))) 8 (4 10 9) (9 5 1) (6 (6 10) (10 7)))"
  },
  "output": {
   "ret": "(6 (5 (9 20)) (4 10) (10 (5 (7 (9 37)))) (8 14) (4 (10 20) (9 19)) (9 (5 20) (1 16)) (6 (6 (10 28)) (10 (7 29))))"
  },
  "ucase": 4
 },
 {
  "datain": {
   "T": "(9 2 9 (1 2 3) (7 (9 2)) (9 5 (10 2)) (8 5) 2 (10 4))"
  },
  "output": {
   "ret": "(9 (2 11) (9 18) (1 (2 12) (3 13)) (7 (9 (2 27))) (9 (5 23) (10 (2 30))) (8 (5 22)) (2 11) (10 (4 23)))"
  },
  "ucase": 5
 },
 {
  "datain": {
   "T": "(3 (4 10 2) (7 5) (7 (1 6 4)) (7 9 9 9 (8 5 4)) (5 (9 4) (6 7 7)))"
  },
  "output": {
   "ret": "(3 (4 (10 17) (2 9)) (7 (5 15)) (7 (1 (6 17) (4 15))) (7 (9 19) (9 19) (9 19) (8 (5 23) (4 22))) (5 (9 (4 21)) (6 (7 21) (7 21))))"
  },
  "ucase": 6
 },
 {
  "datain": {
   "T": "(9 (4 (2 3 (10 2) 4) (5 5)) (4 8 (4 6 9)) (4 (3 1) 9 (3 2) 5) (2 3 5) (3 (6 9 10) 4 8 5))"
  },
  "output": {
   "ret": "(9 (4 (2 (3 18) (10 (2 27)) (4 19)) (5 (5 23))) (4 (8 21) (4 (6 23) (9 26))) (4 (3 (1 17)) (9 22) (3 (2 18)) (5 18)) (2 (3 14) (5 16)) (3 (6 (9 27) (10 28)) (4 16) (8 20) (5 17)))"
  },
  "ucase": 7
 },
 {
  "datain": {
   "T": "(8 (9 (2 7) 5 (8 8 2)) (5 5 9 (8 5)) (2 (6 6 5)) (9 2 4 (3 5)) (4 7 2) (8 3 (4 6 3)))"
  },
  "output": {
   "ret": "(8 (9 (2 (7 26)) (5 22) (8 (8 33) (2 27))) (5 (5 18) (9 22) (8 (5 26))) (2 (6 (6 22) (5 21))) (9 (2 19) (4 21) (3 (5 25))) (4 (7 19) (2 14)) (8 (3 19) (4 (6 26) (3 23))))"
  },
  "ucase": 8
 },
 {
  "datain": {
   "T": "(1 (6 3 3 10) (1 8 6 7) (10 (9 3) (5 (4 3))) (3 (5 5) 9 10 3) (9 7) (5 (5 10) (8 1) (8 8) (1 9)) (6 1 10))"
  },
  "output": {
   "ret": "(1 (6 (3 10) (3 10) (10 17)) (1 (8 10) (6 8) (7 9)) (10 (9 (3 23)) (5 (4 (3 23)))) (3 (5 (5 14)) (9 13) (10 14) (3 7)) (9 (7 17)) (5 (5 (10 21)) (8 (1 15)) (8 (8 22)) (1 (9 16))) (6 (1 8) (10 17)))"
  },
  "ucase": 9
 },
 {
  "datain": {
   "T": "(5 (6 (4 (7 2 8 9 9) (7 8 1)) (6 5 1 7)))"
  },
  "output": {
   "ret": "(5 (6 (4 (7 (2 24) (8 30) (9 31) (9 31)) (7 (8 30) (1 23))) (6 (5 22) (1 18) (7 24))))"
  },
  "ucase": 10
 },
 {
  "datain": {
   "T": "(7 (10 (2 (5 10) (1 3)) (1 8) (3 (6 (8 6) 5) 7) (1 3)) (3 (2 9) (9 5 3) (6 2)))"
  },
  "output": {
   "ret": "(7 (10 (2 (5 (10 34)) (1 (3 23))) (1 (8 26)) (3 (6 (8 (6 40)) (5 31)) (7 27)) (1 (3 21))) (3 (2 (9 21)) (9 (5 24) (3 22)) (6 (2 18))))"
  },
  "ucase": 11
 },
 {
  "datain": {
   "T": "(5 (5 10 (6 3) 8 8 3) (8 (9 (8 (8 7) 1) (2 8 (10 (1 5)) 6))))"
  },
  "output": {
   "ret": "(5 (5 (10 20) (6 (3 19)) (8 18) (8 18) (3 13)) (8 (9 (8 (8 (7 45)) (1 31)) (2 (8 32) (10 (1 (5 40))) (6 30)))))"
  },
  "ucase": 12
 },
 {
  "datain": {
   "T": "(4 (10 9 5) (2 1 9 3) (7 1 7) (2 9 2 2))"
  },
  "output": {
   "ret": "(4 (10 (9 23) (5 19)) (2 (1 7) (9 15) (3 9)) (7 (1 12) (7 18)) (2 (9 15) (2 8) (2 8)))"
  },
  "ucase": 13
 },
 {
  "datain": {
   "T": "(1 5 (7 (1 9) 6 (8 3 7) 7) (7 4 (2 1)) (7 9 1) (5 (10 (1 9 9) 6 8 3)) (2 (9 9 7 4 9)))"
  },
  "output": {
   "ret": "(1 (5 6) (7 (1 (9 18)) (6 14) (8 (3 19) (7 23)) (7 15)) (7 (4 12) (2 (1 11))) (7 (9 17) (1 9)) (5 (10 (1 (9 26) (9 26)) (6 22) (8 24) (3 19))) (2 (9 (9 21) (7 19) (4 16) (9 21))))"
  },
  "ucase": 14
 },
 {
  "datain": {
   "T": "(1 (4 (9 (8 8) (4 (6 5)) 5 (8 8))) (8 (9 (8 4 9) (2 2 7 (7 6 8)) (4 (1 3)))))"
  },
  "output": {
   "ret": "(1 (4 (9 (8 (8 30)) (4 (6 (5 29))) (5 19) (8 (8 30)))) (8 (9 (8 (4 30) (9 35)) (2 (2 22) (7 27) (7 (6 33) (8 35))) (4 (1 (3 26))))))"
  },
  "ucase": 15
 },
 {
  "datain": {
   "T": "(2 (1 4) (5 8) (8 1) (6 (4 2) 9 7) (1 (9 8) (8 2)) (3 (3 2) 8) (2 6) (4 (5 9) 5 8))"
  },
  "output": {
   "ret": "(2 (1 (4 7)) (5 (8 15)) (8 (1 11)) (6 (4 (2 14)) (9 17) (7 15)) (1 (9 (8 20)) (8 (2 13))) (3 (3 (2 10)) (8 13)) (2 (6 10)) (4 (5 (9 20)) (5 11) (8 14)))"
  },
  "ucase": 16
 },
 {
  "datain": {
   "T": "(10 8 (1 (6 7 4)) (7 (8 (10 (8 6)))) 7 (7 9) (4 6))"
  },
  "output": {
   "ret": "(10 (8 18) (1 (6 (7 24) (4 21))) (7 (8 (10 (8 (6 49))))) (7 17) (7 (9 26)) (4 (6 20)))"
  },
  "ucase": 17
 },
 {
  "datain": {
   "T": "(1 (6 4 (5 (3 10)) 10) (2 (7 3 10 6 (10 6))) (3 (6 (5 3 (1 10)))) (7 (9 5 1) (1 10)) (5 10 (2 (9 10)) 8) (9 4 7 (7 4 10 9)))"
  },
  "output": {
   "ret": "(1 (6 (4 11) (5 (3 (10 25))) (10 17)) (2 (7 (3 13) (10 20) (6 16) (10 (6 26)))) (3 (6 (5 (3 18) (1 (10 26))))) (7 (9 (5 22) (1 18)) (1 (10 19))) (5 (10 16) (2 (9 (10 27))) (8 14)) (9 (4 14) (7 17) (7 (4 21) (10 27) (9 26))))"
  },
  "ucase": 18
 },
 {
  "datain": {
   "T": "(4 (4 8 9 4 4) 4 (6 (3 (8 1)) (5 5)) (2 8) 8 (5 7 9 (4 3) 7 6))"
  },
  "output": {
   "ret": "(4 (4 (8 16) (9 17) (4 12) (4 12)) (4 8) (6 (3 (8 (1 22))) (5 (5 20))) (2 (8 14)) (8 12) (5 (7 16) (9 18) (4 (3 16)) (7 16) (6 15)))"
  },
  "ucase": 19
 },
 {
  "datain": {
   "T": "(1 (2 2 3) (10 6 (2 2)) 6 (1 6 2) 10 (2 2) (2 4))"
  },
  "output": {
   "ret": "(1 (2 (2 5) (3 6)) (10 (6 17) (2 (2 15))) (6 7) (1 (6 8) (2 4)) (10 11) (2 (2 5)) (2 (4 7)))"
  },
  "ucase": 20
 },
 {
  "datain": {
   "T": "(7 (4 (7 (6 5))) (10 8 7) (3 1) (3 7) (2 3 3) 6)"
  },
  "output": {
   "ret": "(7 (4 (7 (6 (5 29)))) (10 (8 25) (7 24)) (3 (1 11)) (3 (7 17)) (2 (3 12) (3 12)) (6 13))"
  },
  "ucase": 21
 },
 {
  "datain": {
   "T": "(3 (2 8 (8 9) (4 (2 6))) (7 4 (9 (4 7))) (8 10) (6 3 (2 (2 8)) 5) (6 (4 1) 7 5 (2 9) (5 9)))"
  },
  "output": {
   "ret": "(3 (2 (8 13) (8 (9 22)) (4 (2 (6 17)))) (7 (4 14) (9 (4 (7 30)))) (8 (10 21)) (6 (3 12) (2 (2 (8 21))) (5 14)) (6 (4 (1 14)) (7 16) (5 14) (2 (9 20)) (5 (9 23))))"
  },
  "ucase": 22
 },
 {
  "datain": {
   "T": "(4 (6 (2 1) (6 7) 6 8) (5 (10 10 (7 (6 5) (6 5)))) (2 (7 (3 10) (9 5)) (8 3 7 (5 7) 9)) (2 3 9 (7 9 8)) (8 (3 (6 4)) 1))"
  },
  "output": {
   "ret": "(4 (6 (2 (1 13)) (6 (7 23)) (6 16) (8 18)) (5 (10 (10 29) (7 (6 (5 37)) (6 (5 37))))) (2 (7 (3 (10 26)) (9 (5 27))) (8 (3 17) (7 21) (5 (7 26)) (9 23))) (2 (3 9) (9 15) (7 (9 22) (8 21))) (8 (3 (6 (4 25))) (1 13)))"
  },
  "ucase": 23
 },
 {
  "datain": {
   "T": "(9 (8 (9 9)) (4 (5 9 3)) (5 4 10) (1 (6 10) 3 7) (2 (6 (10 5) (2 7) (9 8))))"
  },
  "output": {
   "ret": "(9 (8 (9 (9 35))) (4 (5 (9 27) (3 21))) (5 (4 18) (10 24)) (1 (6 (10 26)) (3 13) (7 17)) (2 (6 (10 (5 32)) (2 (7 26)) (9 (8 34)))))"
  },
  "ucase": 24
 },
 {
  "datain": {
   "T": "(4 6 (5 (1 1 8) (7 (5 6)) (4 3)) (7 3) 8 (5 4) (2 10 10) (9 (1 6)) (5 7 7 8 10))"
  },
  "output": {
   "ret": "(4 (6 10) (5 (1 (1 11) (8 18)) (7 (5 (6 27))) (4 (3 16))) (7 (3 14)) (8 12) (5 (4 13)) (2 (10 16) (10 16)) (9 (1 (6 20))) (5 (7 16) (7 16) (8 17) (10 19)))"
  },
  "ucase": 25
 },
 {
  "datain": {
   "T": "(3 (1 9 4) (4 (5 7) 10) (7 (8 7) (1 10) 7 9) (3 8 (6 7 9 3) (4 (7 (2 4)))) (3 (10 7 (7 1)) 9 (3 10) 10) (5 (3 (7 1))))"
  },
  "output": {
   "ret": "(3 (1 (9 13) (4 8)) (4 (5 (7 19)) (10 17)) (7 (8 (7 25)) (1 (10 21)) (7 17) (9 19)) (3 (8 14) (6 (7 19) (9 21) (3 15)) (4 (7 (2 (4 23))))) (3 (10 (7 23) (7 (1 24))) (9 15) (3 (10 19)) (10 16)) (5 (3 (7 (1 19)))))"
  },
  "ucase": 26
 },
 {
  "datain": {
   "T": "(10 (2 (9 (2 4 (4 5 4)) (8 3 1) 6)) (2 (3 (1 3) 4 1 (3 3)) (1 (3 2))))"
  },
  "output": {
   "ret": "(10 (2 (9 (2 (4 27) (4 (5 32) (4 31))) (8 (3 32) (1 30)) (6 27))) (2 (3 (1 (3 19)) (4 19) (1 16) (3 (3 21))) (1 (3 (2 18)))))"
  },
  "ucase": 27
 },
 {
  "datain": {
   "T": "(6 (3 10 (6 9 1) (5 10) (4 5)) (5 5 (1 3) 6) (8 (1 5) 4 (8 (7 2)) (7 1 5)))"
  },
  "output": {
   "ret": "(6 (3 (10 19) (6 (9 24) (1 16)) (5 (10 24)) (4 (5 18))) (5 (5 16) (1 (3 15)) (6 17)) (8 (1 (5 20)) (4 18) (8 (7 (2 31))) (7 (1 22) (5 26))))"
  },
  "ucase": 28
 },
 {
  "datain": {
   "T": "(3 (2 (4 (8 (1 (9 5)) 3)) (10 6 (9 4 1) (9 7 3 9)) (8 (1 8 1 2 4)) (8 5 5 6) (5 5 (6 3) (5 6))))"
  },
  "output": {
   "ret": "(3 (2 (4 (8 (1 (9 (5 32))) (3 20))) (10 (6 21) (9 (4 28) (1 25)) (9 (7 31) (3 27) (9 33))) (8 (1 (8 22) (1 15) (2 16) (4 18))) (8 (5 18) (5 18) (6 19)) (5 (5 15) (6 (3 19)) (5 (6 21)))))"
  },
  "ucase": 29
 },
 {
  "datain": {
   "T": "(3 (6 2 (9 6) 2 (9 2) 2) (2 3 10) (4 (4 10) 8 9) (7 2) (1 (4 9) (3 5)) (8 6 (8 7) (2 1) 9 (10 2)))"
  },
  "output": {
   "ret": "(3 (6 (2 11) (9 (6 24)) (2 11) (9 (2 20)) (2 11)) (2 (3 8) (10 15)) (4 (4 (10 21)) (8 15) (9 16)) (7 (2 12)) (1 (4 (9 17)) (3 (5 12))) (8 (6 17) (8 (7 26)) (2 (1 14)) (9 20) (10 (2 23))))"
  },
  "ucase": 30
 },
 {
  "datain": {
   "T": "(5 (8 4) 4 (5 4 3 4 (5 4)) (3 3) (3 (5 4) 2) (7 6 1 1 5) (1 4 8))"
  },
  "output": {
   "ret": "(5 (8 (4 17)) (4 9) (5 (4 14) (3 13) (4 14) (5 (4 19))) (3 (3 11)) (3 (5 (4 17)) (2 10)) (7 (6 18) (1 13) (1 13) (5 17)) (1 (4 10) (8 14)))"
  },
  "ucase": 31
 },
 {
  "datain": {
   "T": "(10 (3 (5 7)) (3 6 9) (5 4 3 1 1) (7 1) (3 2 4) (1 (1 3 5 5)) (1 (7 8 6 6 3)) (5 (10 (10 6) (9 9))))"
  },
  "output": {
   "ret": "(10 (3 (5 (7 25))) (3 (6 19) (9 22)) (5 (4 19) (3 18) (1 16) (1 16)) (7 (1 18)) (3 (2 15) (4 17)) (1 (1 (3 15) (5 17) (5 17))) (1 (7 (8 26) (6 24) (6 24) (3 21))) (5 (10 (10 (6 41)) (9 (9 43)))))"
  },
  "ucase": 32
 },
 {
  "datain": {
   "T": "(1 (5 (4 3 8) (9 10 10 10) (9 2) (1 7)) (3 9 8 (8 6) (8 4) 3 1) (8 9 2 10))"
  },
  "output": {
   "ret": "(1 (5 (4 (3 13) (8 18)) (9 (10 25) (10 25) (10 25)) (9 (2 17)) (1 (7 14))) (3 (9 13) (8 12) (8 (6 18)) (8 (4 16)) (3 7) (1 5)) (8 (9 18) (2 11) (10 19)))"
  },
  "ucase": 33
 },
 {
  "datain": {
   "T": "(4 6 (7 7 6) 3 (7 (5 9) 5 10) (10 7 9 (1 9) 6))"
  },
  "output": {
   "ret": "(4 (6 10) (7 (7 18) (6 17)) (3 7) (7 (5 (9 25)) (5 16) (10 21)) (10 (7 21) (9 23) (1 (9 24)) (6 20)))"
  },
  "ucase": 34
 },
 {
  "datain": {
   "T": "(9 (3 6) (8 7 8) (9 9 8 7) (2 7 6) (1 3 7 8 6) (7 (3 8) (7 (6 7) 6) 8))"
  },
  "output": {
   "ret": "(9 (3 (6 18)) (8 (7 24) (8 25)) (9 (9 27) (8 26) (7 25)) (2 (7 18) (6 17)) (1 (3 13) (7 17) (8 18) (6 16)) (7 (3 (8 27)) (7 (6 (7 36)) (6 29)) (8 24)))"
  },
  "ucase": 35
 },
 {
  "datain": {
   "T": "(8 (3 (4 2 5) (1 9)) (7 5 3 2) (4 9) (3 (4 5 (8 7 2))) (5 (1 4) 3 9 (7 4)) (9 9 10))"
  },
  "output": {
   "ret": "(8 (3 (4 (2 17) (5 20)) (1 (9 21))) (7 (5 20) (3 18) (2 17)) (4 (9 21)) (3 (4 (5 20) (8 (7 30) (2 25)))) (5 (1 (4 18)) (3 16) (9 22) (7 (4 24))) (9 (9 26) (10 27)))"
  },
  "ucase": 36
 },
 {
  "datain": {
   "T": "(5 (3 5 2) (7 6 9) (9 3 (6 9) 3) (6 3) (9 5 (7 2)) (5 2))"
  },
  "output": {
   "ret": "(5 (3 (5 13) (2 10)) (7 (6 18) (9 21)) (9 (3 17) (6 (9 29)) (3 17)) (6 (3 14)) (9 (5 19) (7 (2 23))) (5 (2 12)))"
  },
  "ucase": 37
 },
 {
  "datain": {
   "T": "(9 (6 (10 1 (1 5 7))) (7 (6 (8 8 2) 8 (9 1) 4 3 2 5)) (9 8 (3 5) 7) (6 (10 7 (3 9)) (3 3) (2 3)))"
  },
  "output": {
   "ret": "(9 (6 (10 (1 26) (1 (5 31) (7 33)))) (7 (6 (8 (8 38) (2 32)) (8 30) (9 (1 32)) (4 26) (3 25) (2 24) (5 27))) (9 (8 26) (3 (5 26)) (7 25)) (6 (10 (7 32) (3 (9 37))) (3 (3 21)) (2 (3 20))))"
  },
  "ucase": 38
 },
 {
  "datain": {
   "T": "(1 (8 (3 (9 (3 6) 8 9 10)) 4 (6 3) (5 10 9)))"
  },
  "output": {
   "ret": "(1 (8 (3 (9 (3 (6 30)) (8 29) (9 30) (10 31))) (4 13) (6 (3 18)) (5 (10 24) (9 23))))"
  },
  "ucase": 39
 },
 {
  "datain": {
   "T": "(6 (8 (7 4 6) (9 (3 1) (8 6)) 2 (8 8 (6 6)) (3 3 4 4) (6 9 10) (2 10)))"
  },
  "output": {
   "ret": "(6 (8 (7 (4 25) (6 27)) (9 (3 (1 27)) (8 (6 37))) (2 16) (8 (8 30) (6 (6 34))) (3 (3 20) (4 21) (4 21)) (6 (9 29) (10 30)) (2 (10 26))))"
  },
  "ucase": 40
 },
 {
  "datain": {
   "T": "(7 9 (7 (4 5)) (10 4 1 6 (6 8)) (10 6) (7 2 (10 6) 3 1) 8 (5 4))"
  },
  "output": {
   "ret": "(7 (9 16) (7 (4 (5 23))) (10 (4 21) (1 18) (6 23) (6 (8 31))) (10 (6 23)) (7 (2 16) (10 (6 30)) (3 17) (1 15)) (8 15) (5 (4 16)))"
  },
  "ucase": 41
 },
 {
  "datain": {
   "T": "(10 (4 6 (7 6 4)) (6 (1 3 10) 10 3) (10 (10 8)) (3 10) (9 4) (4 (6 1) (6 3)) (5 3 6) (2 (7 6 5)))"
  },
  "output": {
   "ret": "(10 (4 (6 20) (7 (6 27) (4 25))) (6 (1 (3 20) (10 27)) (10 26) (3 19)) (10 (10 (8 38))) (3 (10 23)) (9 (4 23)) (4 (6 (1 21)) (6 (3 23))) (5 (3 18) (6 21)) (2 (7 (6 25) (5 24))))"
  },
  "ucase": 42
 },
 {
  "datain": {
   "T": "(3 (8 6 3 (5 3)) (3 8 (9 4 1)) (6 (6 8 1) (4 6) (2 9 4) (5 6)) (8 (10 9) 5 7 3 2))"
  },
  "output": {
   "ret": "(3 (8 (6 17) (3 14) (5 (3 19))) (3 (8 14) (9 (4 19) (1 16))) (6 (6 (8 23) (1 16)) (4 (6 19)) (2 (9 20) (4 15)) (5 (6 20))) (8 (10 (9 30)) (5 16) (7 18) (3 14) (2 13)))"
  },
  "ucase": 43
 },
 {
  "datain": {
   "T": "(8 (1 10 (4 2)) (3 6 6) (7 10 4 7) (3 (7 2) (5 (7 6)) 8))"
  },
  "output": {
   "ret": "(8 (1 (10 19) (4 (2 15))) (3 (6 17) (6 17)) (7 (10 25) (4 19) (7 22)) (3 (7 (2 20)) (5 (7 (6 29))) (8 19)))"
  },
  "ucase": 44
 },
 {
  "datain": {
   "T": "(5 (5 9 (3 3) 9) (9 2 (3 9 9) (9 8) (3 8)) (6 9 (8 10 (2 1)) (5 10)))"
  },
  "output": {
   "ret": "(5 (5 (9 19) (3 (3 16)) (9 19)) (9 (2 16) (3 (9 26) (9 26)) (9 (8 31)) (3 (8 25))) (6 (9 20) (8 (10 29) (2 (1 22))) (5 (10 26))))"
  },
  "ucase": 45
 },
 {
  "datain": {
   "T": "(3 (4 10 8) (8 (9 3)) (2 6) (10 (8 6) 8) (4 6 (8 3) 4))"
  },
  "output": {
   "ret": "(3 (4 (10 17) (8 15)) (8 (9 (3 23))) (2 (6 11)) (10 (8 (6 27)) (8 21)) (4 (6 13) (8 (3 18)) (4 11)))"
  },
  "ucase": 46
 },
 {
  "datain": {
   "T": "(2 (6 (9 1) 5 5 (5 (6 (6 4))) 2) (5 5 (5 5) 1 10) (2 (1 2) (8 3 (6 3) (9 9))) (9 (9 10) 8 (4 7)))"
  },
  "output": {
   "ret": "(2 (6 (9 (1 18)) (5 13) (5 13) (5 (6 (6 (4 29)))) (2 10)) (5 (5 12) (5 (5 17)) (1 8) (10 17)) (2 (1 (2 7)) (8 (3 15) (6 (3 21)) (9 (9 30)))) (9 (9 (10 30)) (8 19) (4 (7 22))))"
  },
  "ucase": 47
 },
 {
  "datain": {
   "T": "(9 (6 (5 (10 2) (10 4 7 2) (4 1) (8 (4 10) 7))) (6 5 (6 4 1) 4 (1 9) 6) (5 (4 8 5 7) (10 1 1 6) 1))"
  },
  "output": {
   "ret": "(9 (6 (5 (10 (2 32)) (10 (4 34) (7 37) (2 32)) (4 (1 25)) (8 (4 (10 42)) (7 35)))) (6 (5 20) (6 (4 25) (1 22)) (4 19) (1 (9 25)) (6 21)) (5 (4 (8 26) (5 23) (7 25)) (10 (1 25) (1 25) (6 30)) (1 15)))"
  },
  "ucase": 48
 },
 {
  "datain": {
   "T": "(8 (8 (2 9) 5 (10 (10 (1 8)))) (10 6 6) (5 3 2) (7 (3 4 4 4 (1 4)) (10 5) (4 3 10)) (3 (3 8 7) (8 (9 7)) 8 4 (7 2)))"
  },
  "output": {
   "ret": "(8 (8 (2 (9 27)) (5 21) (10 (10 (1 (8 45))))) (10 (6 24) (6 24)) (5 (3 16) (2 15)) (7 (3 (4 22) (4 22) (4 22) (1 (4 23))) (10 (5 30)) (4 (3 22) (10 29))) (3 (3 (8 22) (7 21)) (8 (9 (7 35))) (8 19) (4 15) (7 (2 20))))"
  },
  "ucase": 49
 },
 {
  "datain": {
   "T": "(2 (2 (9 7 10)) (2 9 5 1) (5 9) (10 8) (8 6 10) 8 (3 6))"
  },
  "output": {
   "ret": "(2 (2 (9 (7 20) (10 23))) (2 (9 13) (5 9) (1 5)) (5 (9 16)) (10 (8 20)) (8 (6 16) (10 20)) (8 10) (3 (6 11)))"
  },
  "ucase": 50
 }
]
