[
   {"datain":{"f":"f3","root":4},
    "output":{"B":"(4 (8 (16 32 34) (18 36 38)) (10 (20 40 .) 22))"},
    "ucase":11},
   {"datain":{"f":"f1","root":4},
    "output":{"B":"(4 1 (2 . 0))"},
    "ucase":1},
   {"datain":{"f":"f1","root":5},
    "output":{"B":"(5 (2 . 0) (3 0 1))"},
    "ucase":2},
   {"datain":{"f":"f2","root":4},
    "output":{"B":"(4 (2 0 (1 . 0)) (3 (1 . 0) (2 0 (1 . 0))))"},
    "ucase":0},
   {"datain":{"f":"f2","root":3},
    "output":{"B":"(3 (1 . 0) (2 0 (1 . 0)))"},
    "ucase":12},
   {"datain":{"f":"f2","root":4},
    "output":{"B":"(4 (2 0 (1 . 0)) (3 (1 . 0) (2 0 (1 . 0))))"},
    "ucase":3},
   {"datain":{"f":"f3","root":1},
    "output":{"B":"(1 (2 (4 (8 (16 32 34) (18 36 38)) (10 (20 40 .) 22)) (6 (12 24 26) (14 28 30))) (4 (8 (16 32 34) (18 36 38)) (10 (20 40 .) 22)))"},
    "ucase":5},
   {"datain":{"f":"f3","root":1},
    "output":{"B":"(1 (2 (4 (8 (16 32 34) (18 36 38)) (10 (20 40 .) 22)) (6 (12 24 26) (14 28 30))) (4 (8 (16 32 34) (18 36 38)) (10 (20 40 .) 22)))"},
    "ucase":6},
   {"datain":{"f":"f2","root":4},
    "output":{"B":"(4 (2 0 (1 . 0)) (3 (1 . 0) (2 0 (1 . 0))))"},
    "ucase":7},
   {"datain":{"f":"f1","root":2},
    "output":{"B":"(2 . 0)"},
    "ucase":8},
   {"datain":{"f":"f1","root":5},
    "output":{"B":"(5 (2 . 0) (3 0 1))"},
    "ucase":9},
   {"datain":{"f":"f1","root":1},
    "output":{"B":"1"},
    "ucase":13},
   {"datain":{"f":"f1","root":2},
    "output":{"B":"(2 . 0)"},
    "ucase":14},
   {"datain":{"f":"f1","root":2},
    "output":{"B":"(2 . 0)"},
    "ucase":15},
   {"datain":{"f":"f2","root":5},
    "output":{"B":"(5 (3 (1 . 0) (2 0 (1 . 0))) (4 (2 0 (1 . 0)) (3 (1 . 0) (2 0 (1 . 0)))))"},
    "ucase":16},
   {"datain":{"f":"f3","root":2},
    "output":{"B":"(2 (4 (8 (16 32 34) (18 36 38)) (10 (20 40 .) 22)) (6 (12 24 26) (14 28 30)))"},
    "ucase":17},
   {"datain":{"f":"f2","root":1},
    "output":{"B":"(1 . 0)"},
    "ucase":18},
   {"datain":{"f":"f3","root":2},
    "output":{"B":"(2 (4 (8 (16 32 34) (18 36 38)) (10 (20 40 .) 22)) (6 (12 24 26) (14 28 30)))"},
    "ucase":20},
   {"datain":{"f":"f3","root":5},
    "output":{"B":"(5 (10 (20 40 .) 22) (12 24 26))"},
    "ucase":21},
   {"datain":{"f":"f3","root":5},
    "output":{"B":"(5 (10 (20 40 .) 22) (12 24 26))"},
    "ucase":22},
   {"datain":{"f":"f3","root":1},
    "output":{"B":"(1 (2 (4 (8 (16 32 34) (18 36 38)) (10 (20 40 .) 22)) (6 (12 24 26) (14 28 30))) (4 (8 (16 32 34) (18 36 38)) (10 (20 40 .) 22)))"},
    "ucase":23},
   {"datain":{"f":"f2","root":3},
    "output":{"B":"(3 (1 . 0) (2 0 (1 . 0)))"},
    "ucase":24},
   {"datain":{"f":"f3","root":3},
    "output":{"B":"(3 (6 (12 24 26) (14 28 30)) (8 (16 32 34) (18 36 38)))"},
    "ucase":25},
   {"datain":{"f":"f2","root":3},
    "output":{"B":"(3 (1 . 0) (2 0 (1 . 0)))"},
    "ucase":26},
   {"datain":{"f":"f2","root":4},
    "output":{"B":"(4 (2 0 (1 . 0)) (3 (1 . 0) (2 0 (1 . 0))))"},
    "ucase":27},
   {"datain":{"f":"f2","root":3},
    "output":{"B":"(3 (1 . 0) (2 0 (1 . 0)))"},
    "ucase":28},
   {"datain":{"f":"f3","root":1},
    "output":{"B":"(1 (2 (4 (8 (16 32 34) (18 36 38)) (10 (20 40 .) 22)) (6 (12 24 26) (14 28 30))) (4 (8 (16 32 34) (18 36 38)) (10 (20 40 .) 22)))"},
    "ucase":29},
   {"datain":{"f":"f1","root":3},
    "output":{"B":"(3 0 1)"},
    "ucase":30},
   {"datain":{"f":"f2","root":4},
    "output":{"B":"(4 (2 0 (1 . 0)) (3 (1 . 0) (2 0 (1 . 0))))"},
    "ucase":31},
   {"datain":{"f":"f2","root":5},
    "output":{"B":"(5 (3 (1 . 0) (2 0 (1 . 0))) (4 (2 0 (1 . 0)) (3 (1 . 0) (2 0 (1 . 0)))))"},
    "ucase":32},
   {"datain":{"f":"f2","root":3},
    "output":{"B":"(3 (1 . 0) (2 0 (1 . 0)))"},
    "ucase":33},
   {"datain":{"f":"f2","root":4},
    "output":{"B":"(4 (2 0 (1 . 0)) (3 (1 . 0) (2 0 (1 . 0))))"},
    "ucase":34},
   {"datain":{"f":"f3","root":5},
    "output":{"B":"(5 (10 (20 40 .) 22) (12 24 26))"},
    "ucase":36},
   {"datain":{"f":"f2","root":2},
    "output":{"B":"(2 0 (1 . 0))"},
    "ucase":37},
   {"datain":{"f":"f1","root":3},
    "output":{"B":"(3 0 1)"},
    "ucase":38},
   {"datain":{"f":"f3","root":2},
    "output":{"B":"(2 (4 (8 (16 32 34) (18 36 38)) (10 (20 40 .) 22)) (6 (12 24 26) (14 28 30)))"},
    "ucase":39},
   {"datain":{"f":"f1","root":3},
    "output":{"B":"(3 0 1)"},
    "ucase":40},
   {"datain":{"f":"f2","root":5},
    "output":{"B":"(5 (3 (1 . 0) (2 0 (1 . 0))) (4 (2 0 (1 . 0)) (3 (1 . 0) (2 0 (1 . 0)))))"},
    "ucase":41},
   {"datain":{"f":"f1","root":2},
    "output":{"B":"(2 . 0)"},
    "ucase":42},
   {"datain":{"f":"f3","root":1},
    "output":{"B":"(1 (2 (4 (8 (16 32 34) (18 36 38)) (10 (20 40 .) 22)) (6 (12 24 26) (14 28 30))) (4 (8 (16 32 34) (18 36 38)) (10 (20 40 .) 22)))"},
    "ucase":43},
   {"datain":{"f":"f3","root":1},
    "output":{"B":"(1 (2 (4 (8 (16 32 34) (18 36 38)) (10 (20 40 .) 22)) (6 (12 24 26) (14 28 30))) (4 (8 (16 32 34) (18 36 38)) (10 (20 40 .) 22)))"},
    "ucase":44},
   {"datain":{"f":"f3","root":1},
    "output":{"B":"(1 (2 (4 (8 (16 32 34) (18 36 38)) (10 (20 40 .) 22)) (6 (12 24 26) (14 28 30))) (4 (8 (16 32 34) (18 36 38)) (10 (20 40 .) 22)))"},
    "ucase":45},
   {"datain":{"f":"f3","root":2},
    "output":{"B":"(2 (4 (8 (16 32 34) (18 36 38)) (10 (20 40 .) 22)) (6 (12 24 26) (14 28 30)))"},
    "ucase":46},
   {"datain":{"f":"f2","root":1},
    "output":{"B":"(1 . 0)"},
    "ucase":47},
   {"datain":{"f":"f2","root":1},
    "output":{"B":"(1 . 0)"},
    "ucase":48},
   {"datain":{"f":"f2","root":1},
    "output":{"B":"(1 . 0)"},
    "ucase":49},
   {"datain":{"f":"f2","root":1},
    "output":{"B":"(1 . 0)"},
    "ucase":50},
   {"datain":{"f":"f3","root":1},
    "output":{"B":"(1 (2 (4 (8 (16 32 34) (18 36 38)) (10 (20 40 .) 22)) (6 (12 24 26) (14 28 30))) (4 (8 (16 32 34) (18 36 38)) (10 (20 40 .) 22)))"},
    "ucase":51}
]
