[
    {"datain":{"S":[1,9,5,2,4,3,6,10,7,8]},
     "output":{"S":[1,2,3,4,5,6,7,8,9,10]},
     "ucase":0},
    {"datain":{"S":[16,6,14,9,11,1,5,19,4,2,3]},
     "output":{"S":[1,2,3,4,5,6,9,11,14,16,19]},
     "ucase":1},
    {"datain":{"S":[15,17,19,2,10,9,8,3,5,1,16,12]},
     "output":{"S":[1,2,3,5,8,9,10,12,15,16,17,19]},
     "ucase":2},
    {"datain":{"S":[1,10,3,7,14,16,0,8]},
     "output":{"S":[0,1,3,7,8,10,14,16]},
     "ucase":3},
    {"datain":{"S":[1,14,6,4,0,17,3,9,7]},
     "output":{"S":[0,1,3,4,6,7,9,14,17]},
     "ucase":4},
    {"datain":{"S":[4,15,3,6,13,5,19,7,18,8,16,10,12]},
     "output":{"S":[3,4,5,6,7,8,10,12,13,15,16,18,19]},
     "ucase":5},
    {"datain":{"S":[7,16,3,10,9,15,6,0,19,17,12,5]},
     "output":{"S":[0,3,5,6,7,9,10,12,15,16,17,19]},
     "ucase":6},
    {"datain":{"S":[5,17,19,0,16,11,7,14,15,2,4,9,10,3,18]},
     "output":{"S":[0,2,3,4,5,7,9,10,11,14,15,16,17,18,19]},
     "ucase":7},
    {"datain":{"S":[2,1,6,14,5,9,15,12,7,16,8]},
     "output":{"S":[1,2,5,6,7,8,9,12,14,15,16]},
     "ucase":8},
    {"datain":{"S":[5,1,18,12,2,9,8,3]},
     "output":{"S":[1,2,3,5,8,9,12,18]},
     "ucase":9},
    {"datain":{"S":[4,0,3,2,17,19,11,13,6]},
     "output":{"S":[0,2,3,4,6,11,13,17,19]},
     "ucase":10},
    {"datain":{"S":[7,0,1,9,6,12,3,2,17,5,14,4,18,8]},
     "output":{"S":[0,1,2,3,4,5,6,7,8,9,12,14,17,18]},
     "ucase":11},
    {"datain":{"S":[6,8,17,10,13,11,18,7,19,0,1]},
     "output":{"S":[0,1,6,7,8,10,11,13,17,18,19]},
     "ucase":12},
    {"datain":{"S":[4,9,7,11,15,2,10,13,14,6,12,19]},
     "output":{"S":[2,4,6,7,9,10,11,12,13,14,15,19]},
     "ucase":13},
    {"datain":{"S":[8,5,10,15,2,4,13,18,7]},
     "output":{"S":[2,4,5,7,8,10,13,15,18]},
     "ucase":14},
    {"datain":{"S":[8,10,17,14,9,18,7,0]},
     "output":{"S":[0,7,8,9,10,14,17,18]},
     "ucase":15},
    {"datain":{"S":[7,19,12,11,2,15,17,6,18]},
     "output":{"S":[2,6,7,11,12,15,17,18,19]},
     "ucase":16},
    {"datain":{"S":[14,8,11,18,2,12,16,6,1,17,4,7]},
     "output":{"S":[1,2,4,6,7,8,11,12,14,16,17,18]},
     "ucase":17},
    {"datain":{"S":[3,16,18,5,9,2,1,15,8,17,4]},
     "output":{"S":[1,2,3,4,5,8,9,15,16,17,18]},
     "ucase":18},
    {"datain":{"S":[19,1,10,6,2,12,9,11,8,17]},
     "output":{"S":[1,2,6,8,9,10,11,12,17,19]},
     "ucase":19},
    {"datain":{"S":[8,18,1,10,14,6,19,17,16,3,13]},
     "output":{"S":[1,3,6,8,10,13,14,16,17,18,19]},
     "ucase":20},
    {"datain":{"S":[1,4,9,6,11,10,0,5,16,13]},
     "output":{"S":[0,1,4,5,6,9,10,11,13,16]},
     "ucase":21},
    {"datain":{"S":[1,17,15,11,7,12,3,13,9,18,14,8]},
     "output":{"S":[1,3,7,8,9,11,12,13,14,15,17,18]},
     "ucase":22},
    {"datain":{"S":[16,10,14,6,12,9,18,19,3,15]},
     "output":{"S":[3,6,9,10,12,14,15,16,18,19]},
     "ucase":23},
    {"datain":{"S":[6,9,3,15,18,0,12,14,1]},
     "output":{"S":[0,1,3,6,9,12,14,15,18]},
     "ucase":24},
    {"datain":{"S":[1,8,15,5,6,14,2,0]},
     "output":{"S":[0,1,2,5,6,8,14,15]},
     "ucase":25},
    {"datain":{"S":[15,7,13,6,18,5,16,10,14,17]},
     "output":{"S":[5,6,7,10,13,14,15,16,17,18]},
     "ucase":26},
    {"datain":{"S":[10,6,13,7,16,15,0,4,17]},
     "output":{"S":[0,4,6,7,10,13,15,16,17]},
     "ucase":27},
    {"datain":{"S":[15,11,18,17,10,8,12,4,5,7,0,3,9]},
     "output":{"S":[0,3,4,5,7,8,9,10,11,12,15,17,18]},
     "ucase":28},
    {"datain":{"S":[0,5,16,15,14,2,19,8]},
     "output":{"S":[0,2,5,8,14,15,16,19]},
     "ucase":29},
    {"datain":{"S":[3,10,12,8,16,19,1,9,6,2,0,17]},
     "output":{"S":[0,1,2,3,6,8,9,10,12,16,17,19]},
     "ucase":30},
    {"datain":{"S":[1,0,3,13,5,11,9,15,17]},
     "output":{"S":[0,1,3,5,9,11,13,15,17]},
     "ucase":31},
    {"datain":{"S":[5,4,14,9,7,17,3,18,1,12,8,15,10,0]},
     "output":{"S":[0,1,3,4,5,7,8,9,10,12,14,15,17,18]},
     "ucase":32},
    {"datain":{"S":[5,7,1,14,19,2,18,16,17,8,0,13]},
     "output":{"S":[0,1,2,5,7,8,13,14,16,17,18,19]},
     "ucase":33},
    {"datain":{"S":[12,13,10,17,9,2,15,11]},
     "output":{"S":[2,9,10,11,12,13,15,17]},
     "ucase":34},
    {"datain":{"S":[3,1,2,16,7,12,8,15,6,10,13]},
     "output":{"S":[1,2,3,6,7,8,10,12,13,15,16]},
     "ucase":35},
    {"datain":{"S":[14,6,0,8,7,5,15,19,10]},
     "output":{"S":[0,5,6,7,8,10,14,15,19]},
     "ucase":36},
    {"datain":{"S":[10,6,1,12,5,17,0,15,16,4]},
     "output":{"S":[0,1,4,5,6,10,12,15,16,17]},
     "ucase":37},
    {"datain":{"S":[6,19,1,11,5,4,17,16,15,10,8,18]},
     "output":{"S":[1,4,5,6,8,10,11,15,16,17,18,19]},
     "ucase":38},
    {"datain":{"S":[0,19,4,6,5,3,14,18,10,9,17,12,7]},
     "output":{"S":[0,3,4,5,6,7,9,10,12,14,17,18,19]},
     "ucase":39},
    {"datain":{"S":[0,1,16,4,15,14,17,11,19,7,6,12]},
     "output":{"S":[0,1,4,6,7,11,12,14,15,16,17,19]},
     "ucase":40},
    {"datain":{"S":[8,13,17,2,1,12,4,19,11,14,16]},
     "output":{"S":[1,2,4,8,11,12,13,14,16,17,19]},
     "ucase":41},
    {"datain":{"S":[0,11,15,9,5,4,13,7,14,18,10]},
     "output":{"S":[0,4,5,7,9,10,11,13,14,15,18]},
     "ucase":42},
    {"datain":{"S":[7,6,18,19,15,16,10,13,5,14]},
     "output":{"S":[5,6,7,10,13,14,15,16,18,19]},
     "ucase":43},
    {"datain":{"S":[18,2,19,9,5,8,15,16,3,0,17,12,11,4]},
     "output":{"S":[0,2,3,4,5,8,9,11,12,15,16,17,18,19]},
     "ucase":44},
    {"datain":{"S":[7,4,2,19,5,15,3,8,13,12]},
     "output":{"S":[2,3,4,5,7,8,12,13,15,19]},
     "ucase":45},
    {"datain":{"S":[1,4,14,16,8,10,12,18,11,5,6,2,17]},
     "output":{"S":[1,2,4,5,6,8,10,11,12,14,16,17,18]},
     "ucase":46},
    {"datain":{"S":[4,1,0,12,8,17,16,10,14,3,19,18,5]},
     "output":{"S":[0,1,3,4,5,8,10,12,14,16,17,18,19]},
     "ucase":47},
    {"datain":{"S":[13,5,15,19,0,3,1,2,9,6]},
     "output":{"S":[0,1,2,3,5,6,9,13,15,19]},
     "ucase":48},
    {"datain":{"S":[19,18,16,1,9,2,7,13,6,10,5]},
     "output":{"S":[1,2,5,6,7,9,10,13,16,18,19]},
     "ucase":49},
    {"datain":{"S":[17,12,11,15,18,7,9,19,8,13]},
     "output":{"S":[7,8,9,11,12,13,15,17,18,19]},
     "ucase":50}
]
