[
   {"datain":{"S":[2,3],"VS":[[1,2,3],[2,3,4],[2,3],[2],[3,4],[5,6]]},
    "output":{"disjoint":1,"equal":1,"other":1,"subset":1,"superset":2},
    "ucase":0},
   {"datain":{"S":[3,4],"VS":[[1,4],[1,4],[0,1,3],[0,3,4],[2,3,4],[0,1,2,4],[0,4],[0,2]]},
    "output":{"disjoint":1,"equal":0,"other":5,"subset":0,"superset":2},
    "ucase":1},
   {"datain":{"S":[0,2,4],"VS":[[0,1,2,4],[0,3],[1,3],[0,1,3],[2,3],[0,2,3],[4],[0,4]]},
    "output":{"disjoint":1,"equal":0,"other":4,"subset":2,"superset":1},
    "ucase":2},
   {"datain":{"S":[0,4],"VS":[[0,2],[0,3],[1,2]]},
    "output":{"disjoint":1,"equal":0,"other":2,"subset":0,"superset":0},
    "ucase":3},
   {"datain":{"S":[1,2,3],"VS":[[0,1,3],[2,4],[2,3],[1,2],[3,4],[1,2,3],[4]]},
    "output":{"disjoint":1,"equal":1,"other":3,"subset":2,"superset":0},
    "ucase":4},
   {"datain":{"S":[0,2,3,4],"VS":[[1,2,3],[0,4],[1,3]]},
    "output":{"disjoint":0,"equal":0,"other":2,"subset":1,"superset":0},
    "ucase":5},
   {"datain":{"S":[1,2,3],"VS":[[4],[0,1,3],[0,3,4],[1,4],[0,1,3,4],[1,3]]},
    "output":{"disjoint":1,"equal":0,"other":4,"subset":1,"superset":0},
    "ucase":6},
   {"datain":{"S":[0,2,3],"VS":[[0,2,4],[0,4],[1,2]]},
    "output":{"disjoint":0,"equal":0,"other":3,"subset":0,"superset":0},
    "ucase":7},
   {"datain":{"S":[1,4],"VS":[[0,4],[0,2,4],[0,2]]},
    "output":{"disjoint":1,"equal":0,"other":2,"subset":0,"superset":0},
    "ucase":8},
   {"datain":{"S":[1,2],"VS":[[0,4],[0,2,4],[0,1,2,4],[2,3],[0,3],[0,4]]},
    "output":{"disjoint":3,"equal":0,"other":2,"subset":0,"superset":1},
    "ucase":9},
   {"datain":{"S":[2,3],"VS":[[0,2,3],[2,3],[1,2,3],[1,2],[1,4],[1,3],[2,3]]},
    "output":{"disjoint":1,"equal":2,"other":2,"subset":0,"superset":2},
    "ucase":10},
   {"datain":{"S":[0,2,3],"VS":[[3,4],[1,2],[1,2,3],[1,2],[0,2,4],[1,4],[0,2],[0,3,4]]},
    "output":{"disjoint":1,"equal":0,"other":6,"subset":1,"superset":0},
    "ucase":11},
   {"datain":{"S":[0,3],"VS":[[0,1],[2,4],[1,2,3],[1,4],[0,4],[0,2]]},
    "output":{"disjoint":2,"equal":0,"other":4,"subset":0,"superset":0},
    "ucase":12},
   {"datain":{"S":[0,2,3],"VS":[[0,4],[1,2,3,4],[2,3],[1,4],[1,3]]},
    "output":{"disjoint":1,"equal":0,"other":3,"subset":1,"superset":0},
    "ucase":13},
   {"datain":{"S":[0,1,2],"VS":[[0,3,4],[0,1,2,3],[0,1,3],[0,4],[2,3,4],[3]]},
    "output":{"disjoint":1,"equal":0,"other":4,"subset":0,"superset":1},
    "ucase":14},
   {"datain":{"S":[2,3],"VS":[[3],[0,3],[3,4],[2],[0,2,4],[0,4],[0,3]]},
    "output":{"disjoint":1,"equal":0,"other":4,"subset":2,"superset":0},
    "ucase":15},
   {"datain":{"S":[0,2],"VS":[[0,1,2],[2],[1,2],[0,3,4]]},
    "output":{"disjoint":0,"equal":0,"other":2,"subset":1,"superset":1},
    "ucase":16},
   {"datain":{"S":[2,3,4],"VS":[[0,2],[0,4],[1,3],[0,3,4],[0,1,3]]},
    "output":{"disjoint":0,"equal":0,"other":5,"subset":0,"superset":0},
    "ucase":17},
   {"datain":{"S":[0,1],"VS":[[0,1,3,4],[2,3],[0,1],[0,3],[1,2,3]]},
    "output":{"disjoint":1,"equal":1,"other":2,"subset":0,"superset":1},
    "ucase":18},
   {"datain":{"S":[0,4],"VS":[[3],[0,1,3],[0,1,3],[2,3,4]]},
    "output":{"disjoint":1,"equal":0,"other":3,"subset":0,"superset":0},
    "ucase":19},
   {"datain":{"S":[1,4],"VS":[[2,3,4],[0,1,4],[0,1],[3,4],[0,3],[1,4]]},
    "output":{"disjoint":1,"equal":1,"other":3,"subset":0,"superset":1},
    "ucase":20},
   {"datain":{"S":[0,3,4],"VS":[[1,4],[4],[1,2],[1,2,3],[0,1],[0,3]]},
    "output":{"disjoint":1,"equal":0,"other":3,"subset":2,"superset":0},
    "ucase":21},
   {"datain":{"S":[1,3],"VS":[[0,2,3],[1,4],[1,4]]},
    "output":{"disjoint":0,"equal":0,"other":3,"subset":0,"superset":0},
    "ucase":22},
   {"datain":{"S":[0,1,3],"VS":[[3,4],[3,4],[3],[2,3],[2,3]]},
    "output":{"disjoint":0,"equal":0,"other":4,"subset":1,"superset":0},
    "ucase":23},
   {"datain":{"S":[0,1,3],"VS":[[1,2],[0,2],[0,1,3],[1,2,3],[1,4]]},
    "output":{"disjoint":0,"equal":1,"other":4,"subset":0,"superset":0},
    "ucase":24},
   {"datain":{"S":[0,1,2,3],"VS":[[0,3],[2,3],[0,1,2],[0,2,4],[0,1,3],[0,1],[0,3,4]]},
    "output":{"disjoint":0,"equal":0,"other":2,"subset":5,"superset":0},
    "ucase":25},
   {"datain":{"S":[1,4],"VS":[[0,1,4],[1,3],[0,1,2,4],[1,3],[0,4],[1,3,4],[2,3,4],[1,3,4]]},
    "output":{"disjoint":0,"equal":0,"other":4,"subset":0,"superset":4},
    "ucase":26},
   {"datain":{"S":[0,1,4],"VS":[[0,2],[0,2],[1,4],[1,2],[0,1,2,4],[4],[0,4],[0,2,4]]},
    "output":{"disjoint":0,"equal":0,"other":4,"subset":3,"superset":1},
    "ucase":27},
   {"datain":{"S":[0,4],"VS":[[2,3,4],[0,2,4],[3,4],[0,1],[1,2,3],[1,3],[0,2,3],[3,4]]},
    "output":{"disjoint":2,"equal":0,"other":5,"subset":0,"superset":1},
    "ucase":28},
   {"datain":{"S":[1,2,3],"VS":[[2,4],[1,2,3,4],[0,2],[0,1,4],[0,1,2,4],[0,4]]},
    "output":{"disjoint":1,"equal":0,"other":4,"subset":0,"superset":1},
    "ucase":29},
   {"datain":{"S":[0,3],"VS":[[1,3,4],[1,2,3],[0,3],[2,4],[0,1,3]]},
    "output":{"disjoint":1,"equal":1,"other":2,"subset":0,"superset":1},
    "ucase":30},
   {"datain":{"S":[1,2,3],"VS":[[0,4],[3],[3,4],[0,1,4],[0,4]]},
    "output":{"disjoint":2,"equal":0,"other":2,"subset":1,"superset":0},
    "ucase":31},
   {"datain":{"S":[0,1,2,4],"VS":[[3,4],[1,2],[1,4],[1,3],[0,2,3],[0,2,4],[0,2],[0,4]]},
    "output":{"disjoint":0,"equal":0,"other":3,"subset":5,"superset":0},
    "ucase":32},
   {"datain":{"S":[0,2,3],"VS":[[0,1,3],[2,3,4],[0,1,2,4]]},
    "output":{"disjoint":0,"equal":0,"other":3,"subset":0,"superset":0},
    "ucase":33},
   {"datain":{"S":[0,4],"VS":[[0,2,4],[2,4],[1,2],[2,4],[1,2],[0,1,2],[2,3],[2,4]]},
    "output":{"disjoint":3,"equal":0,"other":4,"subset":0,"superset":1},
    "ucase":34},
   {"datain":{"S":[0,1],"VS":[[0,3],[1,3,4],[1,3],[2,3,4],[3],[1,4],[0,1],[2,3,4]]},
    "output":{"disjoint":3,"equal":1,"other":4,"subset":0,"superset":0},
    "ucase":35},
   {"datain":{"S":[4],"VS":[[0,1,2],[0,4],[1,2,3,4],[0,2,3],[2,3],[4]]},
    "output":{"disjoint":3,"equal":1,"other":0,"subset":0,"superset":2},
    "ucase":36},
   {"datain":{"S":[1,3],"VS":[[2,4],[1],[1,3],[0,2],[0,2,3],[0,1]]},
    "output":{"disjoint":2,"equal":1,"other":2,"subset":1,"superset":0},
    "ucase":37},
   {"datain":{"S":[0,1,2],"VS":[[0,1,4],[0,4],[1,2],[0,2],[1,3,4],[0,3,4],[1,3,4]]},
    "output":{"disjoint":0,"equal":0,"other":5,"subset":2,"superset":0},
    "ucase":38},
   {"datain":{"S":[3,4],"VS":[[0,1],[3,4],[0,2,4],[0,3],[0,1,2,3]]},
    "output":{"disjoint":1,"equal":1,"other":3,"subset":0,"superset":0},
    "ucase":39},
   {"datain":{"S":[1,3,4],"VS":[[3],[0,3],[2,4],[1],[0,2,3,4],[1,3,4],[0,1,4],[0,1]]},
    "output":{"disjoint":0,"equal":1,"other":5,"subset":2,"superset":0},
    "ucase":40},
   {"datain":{"S":[0,3],"VS":[[1,2],[1,2,3],[4]]},
    "output":{"disjoint":2,"equal":0,"other":1,"subset":0,"superset":0},
    "ucase":41},
   {"datain":{"S":[1,2],"VS":[[0,2,4],[0,1],[0,4],[0,1,4]]},
    "output":{"disjoint":1,"equal":0,"other":3,"subset":0,"superset":0},
    "ucase":42},
   {"datain":{"S":[0,1,2],"VS":[[1,2,4],[0,1,4],[0,3],[1,4],[0,3],[2,3],[1,3]]},
    "output":{"disjoint":0,"equal":0,"other":7,"subset":0,"superset":0},
    "ucase":43},
   {"datain":{"S":[1,2,3],"VS":[[1,3],[0,3],[0,3],[0],[0,3,4],[3,4],[0,3,4]]},
    "output":{"disjoint":1,"equal":0,"other":5,"subset":1,"superset":0},
    "ucase":44},
   {"datain":{"S":[0,2],"VS":[[0,1,4],[0,1],[0,1],[1,4]]},
    "output":{"disjoint":1,"equal":0,"other":3,"subset":0,"superset":0},
    "ucase":45},
   {"datain":{"S":[1,2,4],"VS":[[0,4],[0,1],[3,4],[1,3,4],[2,3,4],[0,2,3,4]]},
    "output":{"disjoint":0,"equal":0,"other":6,"subset":0,"superset":0},
    "ucase":46},
   {"datain":{"S":[2,3,4],"VS":[[0,4],[0,1,4],[1,3]]},
    "output":{"disjoint":0,"equal":0,"other":3,"subset":0,"superset":0},
    "ucase":47},
   {"datain":{"S":[2,3],"VS":[[0,3],[0,3],[1,3],[0,4],[0,1],[2,4],[1,3,4]]},
    "output":{"disjoint":2,"equal":0,"other":5,"subset":0,"superset":0},
    "ucase":48},
   {"datain":{"S":[0,2,3],"VS":[[0,2],[2,3],[2,4],[0,1,3],[0,1,2],[0,1,3],[2,4]]},
    "output":{"disjoint":0,"equal":0,"other":5,"subset":2,"superset":0},
    "ucase":49},
   {"datain":{"S":[2,4],"VS":[[0,2,3],[1,3],[0,2,4],[1,2,4],[2,3,4],[1,2]]},
    "output":{"disjoint":1,"equal":0,"other":2,"subset":0,"superset":3},
    "ucase":50}
]
