[{"datain":{"M":[[1,2],[2,3],[3,1]],"T":[1,2,3,2]},"output":{"T":[2,3,1,3]},"ucase":0},{"datain":{"M":[[1,2],[2,3],[3,1]],"T":[1,2,3,2,4]},"output":{"T":[2,3,1,3]},"ucase":1},{"datain":{"M":[[1,2],[2,3],[3,1]],"T":[1,[4,2],3,2]},"output":{"T":[2,1,3]},"ucase":2},{"datain":{"M":[[0,0],[1,1],[2,2]],"T":[1,2,0,[1,2],0,[3,1]]},"output":{"T":[1,2,0,[1,2],0]},"ucase":3},{"datain":{"M":[[0,2],[1,0],[2,1]],"T":[0,2,1,[3,1]]},"output":{"T":[2,1,0]},"ucase":4},{"datain":{"M":[[0,0],[1,1],[2,2]],"T":[2,2,2,[1,3],[3,1],[3,0,3,3],[1,0]]},"output":{"T":[2,2,2,1,[1,0]]},"ucase":5},{"datain":{"M":[[0,0],[1,1],[2,2]],"T":[1,[2,2],2,[0,0,3],2,2,3]},"output":{"T":[1,[2,2],2,[0,0],2,2]},"ucase":6},{"datain":{"M":[[0,1],[1,2],[2,0]],"T":[2,[1,2,1,0],[3,0]]},"output":{"T":[0,[2,0,2,1]]},"ucase":7},{"datain":{"M":[[0,1],[1,2],[2,0]],"T":[0,[1,2,0],1,[0,1,[0,2],2,2]]},"output":{"T":[1,[2,0,1],2,[1,2,[1,0],0,0]]},"ucase":8},{"datain":{"M":[[0,1],[1,2],[2,0]],"T":[1,[0,[1,[1,1],0]]]},"output":{"T":[2,[1,[2,[2,2],1]]]},"ucase":9},{"datain":{"M":[[0,0],[1,1],[2,2]],"T":[1,[2,2,0,1,[2,1]]]},"output":{"T":[1,[2,2,0,1,[2,1]]]},"ucase":10},{"datain":{"M":[[0,2],[1,0],[2,1]],"T":[0,[2,[1,2]],[3,[1,3]]]},"output":{"T":[2,[1,[0,1]]]},"ucase":11},{"datain":{"M":[[0,1],[1,2],[2,0]],"T":[0,[1,1],[1,2],[0,[3,2]]]},"output":{"T":[1,[2,2],[2,0],1]},"ucase":12},{"datain":{"M":[[0,0],[1,1],[2,2]],"T":[2,[0,1],1,[3,1],1,0,[1,3]]},"output":{"T":[2,[0,1],1,1,0,1]},"ucase":13},{"datain":{"M":[[0,1],[1,2],[2,0]],"T":[1,[3,[0,2]],[2,3],[3,3,2],[0,1],3]},"output":{"T":[2,0,[1,2]]},"ucase":14},{"datain":{"M":[[0,2],[1,0],[2,1]],"T":[1,[0,[0,[0,3]],[0,[2,[1,2,0]]]]]},"output":{"T":[0,[2,[2,2],[2,[1,[0,1,2]]]]]},"ucase":15},{"datain":{"M":[[0,2],[1,0],[2,1]],"T":[1,[1,0],[0,3]]},"output":{"T":[0,[0,2],2]},"ucase":16},{"datain":{"M":[[0,1],[1,2],[2,0]],"T":[0,[1,3,[3,2],1],[0,0],3,2,[3,0]]},"output":{"T":[1,[2,2],[1,1],0]},"ucase":17},{"datain":{"M":[[0,2],[1,0],[2,1]],"T":[2,[2,2,1,3,3],[1,0]]},"output":{"T":[1,[1,1,0],[0,2]]},"ucase":18},{"datain":{"M":[[0,0],[1,1],[2,2]],"T":[2,[3,2],3,3,0,2,2,[2,0]]},"output":{"T":[2,0,2,2,[2,0]]},"ucase":19},{"datain":{"M":[[0,1],[1,2],[2,0]],"T":[2,[0,2,[0,[3,1],3],1,3]]},"output":{"T":[0,[1,0,1,2]]},"ucase":20},{"datain":{"M":[[0,0],[1,1],[2,2]],"T":[1,3,1,3,3,0]},"output":{"T":[1,1,0]},"ucase":21},{"datain":{"M":[[0,0],[1,1],[2,2]],"T":[2,[1,[1,0],[1,0],[3,0],[3,[1,3]],[2,0],1]]},"output":{"T":[2,[1,[1,0],[1,0],[2,0],1]]},"ucase":22},{"datain":{"M":[[0,1],[1,2],[2,0]],"T":[0,[3,2,2],[1,[0,2],0],1,3,2,[0,3,1]]},"output":{"T":[1,[2,[1,0],1],2,0,[1,2]]},"ucase":23},{"datain":{"M":[[0,1],[1,2],[2,0]],"T":[1,[0,3],0,[3,0],0,1]},"output":{"T":[2,1,1,1,2]},"ucase":24},{"datain":{"M":[[0,0],[1,1],[2,2]],"T":[1,[3,3],[0,2],[1,1],0]},"output":{"T":[1,[0,2],[1,1],0]},"ucase":25},{"datain":{"M":[[0,1],[1,2],[2,0]],"T":[2,1,2,1,3]},"output":{"T":[0,2,0,2]},"ucase":26},{"datain":{"M":[[0,0],[1,1],[2,2]],"T":[1,2,1,3,1,2,[3,1],1,1]},"output":{"T":[1,2,1,1,2,1,1]},"ucase":27},{"datain":{"M":[[0,0],[1,1],[2,2]],"T":[1,0,3,[0,3],0,1,[1,2]]},"output":{"T":[1,0,0,0,1,[1,2]]},"ucase":28},{"datain":{"M":[[0,2],[1,0],[2,1]],"T":[2,[0,2],[3,2,3,0,3],[2,[1,2]],0]},"output":{"T":[1,[2,1],[1,[0,1]],2]},"ucase":29},{"datain":{"M":[[0,1],[1,2],[2,0]],"T":[1,[1,[1,2]],[3,2],0]},"output":{"T":[2,[2,[2,0]],1]},"ucase":30},{"datain":{"M":[[0,0],[1,1],[2,2]],"T":[0,[2,1,0],[1,3],3,[1,[2,2],0],1,[1,3]]},"output":{"T":[0,[2,1,0],1,[1,[2,2],0],1,1]},"ucase":31},{"datain":{"M":[[0,0],[1,1],[2,2]],"T":[2,[0,1,0,[1,2]]]},"output":{"T":[2,[0,1,0,[1,2]]]},"ucase":32},{"datain":{"M":[[0,0],[1,1],[2,2]],"T":[0,[2,0,[2,0]],[0,0]]},"output":{"T":[0,[2,0,[2,0]],[0,0]]},"ucase":33},{"datain":{"M":[[0,0],[1,1],[2,2]],"T":[2,[1,3],[2,3],0,0]},"output":{"T":[2,1,2,0,0]},"ucase":34},{"datain":{"M":[[0,0],[1,1],[2,2]],"T":[0,[3,2],3,3,2]},"output":{"T":[0,2]},"ucase":35},{"datain":{"M":[[0,0],[1,1],[2,2]],"T":[0,[0,2],3,[1,3],[1,2],[2,3,[2,0],2],0]},"output":{"T":[0,[0,2],1,[1,2],[2,[2,0],2],0]},"ucase":36},{"datain":{"M":[[0,0],[1,1],[2,2]],"T":[0,[3,[2,3],0],0,[3,1,2,0],2,3,2,2]},"output":{"T":[0,0,2,2,2]},"ucase":37},{"datain":{"M":[[0,0],[1,1],[2,2]],"T":[2,2,1,[2,0,[0,1]],[0,3],3]},"output":{"T":[2,2,1,[2,0,[0,1]],0]},"ucase":38},{"datain":{"M":[[0,0],[1,1],[2,2]],"T":[1,[1,[3,1,[0,1]],3],[3,0],3]},"output":{"T":[1,1]},"ucase":39},{"datain":{"M":[[0,0],[1,1],[2,2]],"T":[2,3,[3,[3,0,2]],[2,[1,0],0]]},"output":{"T":[2,[2,[1,0],0]]},"ucase":40},{"datain":{"M":[[0,0],[1,1],[2,2]],"T":[2,1,2,[3,2,0],[3,3,0],3]},"output":{"T":[2,1,2]},"ucase":41},{"datain":{"M":[[0,1],[1,2],[2,0]],"T":[0,[3,1],[3,3],[0,1],[2,2]]},"output":{"T":[1,[1,2],[0,0]]},"ucase":42},{"datain":{"M":[[0,1],[1,2],[2,0]],"T":[1,[2,[2,[0,0,3]],2]]},"output":{"T":[2,[0,[0,[1,1]],0]]},"ucase":43},{"datain":{"M":[[0,0],[1,1],[2,2]],"T":[2,[2,3,1,1,1],[0,3,1,[3,2]],[1,[0,0]]]},"output":{"T":[2,[2,1,1,1],[0,1],[1,[0,0]]]},"ucase":44},{"datain":{"M":[[0,2],[1,0],[2,1]],"T":[2,3,[0,3],0]},"output":{"T":[1,2,2]},"ucase":45},{"datain":{"M":[[0,2],[1,0],[2,1]],"T":[0,[2,3],[2,3,[0,0],3],1,[3,3],[2,2,2]]},"output":{"T":[2,1,[1,[2,2]],0,[1,1,1]]},"ucase":46},{"datain":{"M":[[0,1],[1,2],[2,0]],"T":[2,2,2,[3,2],[1,2,3],0,[3,0,0],1,1]},"output":{"T":[0,0,0,[2,0],1,2,2]},"ucase":47},{"datain":{"M":[[0,2],[1,0],[2,1]],"T":[0,0,2,[3,2]]},"output":{"T":[2,2,1]},"ucase":48},{"datain":{"M":[[0,0],[1,1],[2,2]],"T":[1,[2,1,2],[3,[1,[0,[1,1]]]],[0,0,1,2]]},"output":{"T":[1,[2,1,2],[0,0,1,2]]},"ucase":49},{"datain":{"M":[[0,1],[1,2],[2,0]],"T":[2,[1,[0,0],[0,2]],[2,3,0,1,[2,1,2],2]]},"output":{"T":[0,[2,[1,1],[1,0]],[0,1,2,[0,2,0],0]]},"ucase":50},{"datain":{"M":[[0,0],[1,1],[2,2]],"T":[2,1,0,3,3]},"output":{"T":[2,1,0]},"ucase":51},{"datain":{"M":[[0,0],[1,1],[2,2]],"T":[0,[0,1,1],[0,[2,2]],[0,2]]},"output":{"T":[0,[0,1,1],[0,[2,2]],[0,2]]},"ucase":52}]
